Type,Local Number,Message,Field 1,Value 1,Units 1,Field 2,Value 2,Units 2,Field 3,Value 3,Units 3,Field 4,Value 4,Units 4,Field 5,Value 5,Units 5,Field 6,Value 6,Units 6,Field 7,Value 7,Units 7,Field 8,Value 8,Units 8,Field 9,Value 9,Units 9,Field 10,Value 10,Units 10,Field 11,Value 11,Units 11,Field 12,Value 12,Units 12,Field 13,Value 13,Units 13,Field 14,Value 14,Units 14,Field 15,Value 15,Units 15,Field 16,Value 16,Units 16,Field 17,Value 17,Units 17,Field 18,Value 18,Units 18,Field 19,Value 19,Units 19,Field 20,Value 20,Units 20,Field 21,Value 21,Units 21,Field 22,Value 22,Units 22,Field 23,Value 23,Units 23,Field 24,Value 24,Units 24,Field 25,Value 25,Units 25,Field 26,Value 26,Units 26,Field 27,Value 27,Units 27,
Definition,0,file_id,type,1,,manufacturer,1,,time_created,1,,product,1,,product_name,13,,
Data,0,file_id,type,"4",,manufacturer,"294",,time_created,"1147373185",,product,"831",,product_name,"COROS VERTIX",,
Definition,3,developer_data_id,manufacturer_id,1,,developer_data_index,1,,application_id,16,,,,,,,,
Data,3,developer_data_id,manufacturer_id,"294",,developer_data_index,"0",,application_id,"0|0|0|0|0|0|0|0|0|0|0|0|0|0|0|71",,,,,,,,
Definition,4,device_info,timestamp,1,,manufacturer,1,,product_name,13,,,,,,,,
Data,4,device_info,timestamp,"1147373185",s,manufacturer,"294",,product_name,"COROS VERTIX",,,,,,,,
Definition,1,activity,timestamp,1,,total_timer_time,1,,local_timestamp,1,,num_sessions,1,,type,1,,event,1,,event_type,1,,
Data,1,activity,timestamp,"1147264584",,total_timer_time,"679.09",s,local_timestamp,"1147271784",,num_sessions,"1",,type,"0",,event,"26",,event_type,"1",,
Definition,10,event,timestamp,1,,event,1,,event_type,1,,event_group,1,,,,,,,,,,,
Data,10,event,timestamp,"1147264584",s,event,"0",,event_type,"0",,event_group,"0",,,,,,,,,,,
Definition,9,record,activity_type,1,,timestamp,1,,distance,1,,,,,,,,,,,,,,
Data,9,record,activity_type,"1",,timestamp,"1147264584",s,distance,"0.0",m,,,,,,,,,,,,,
Definition,0,field_description,developer_data_index,1,,field_definition_number,1,,fit_base_type_id,1,,field_name,12,,units,4,,,,,,,,
Data,0,field_description,developer_data_index,"0",,field_definition_number,"16",,fit_base_type_id,"136",,field_name,"Effort Pace",,units,"m/s",,,,,,,,
Definition,9,record,activity_type,1,,timestamp,1,,distance,1,,speed,1,,Effort Pace,1,,,,,,,,
Data,9,record,activity_type,"1",,timestamp,"1147264585",s,distance,"0.0",m,speed,"0.0",m/s,enhanced_speed,"0.0",m/s,Effort Pace,"0.0",m/s,,,,
Data,9,record,activity_type,"1",,timestamp,"1147264586",s,distance,"0.0",m,speed,"0.0",m/s,enhanced_speed,"0.0",m/s,Effort Pace,"0.0",m/s,,,,
Data,9,record,activity_type,"1",,timestamp,"1147264587",s,distance,"0.0",m,speed,"0.0",m/s,enhanced_speed,"0.0",m/s,Effort Pace,"0.0",m/s,,,,
Data,9,record,activity_type,"1",,timestamp,"1147264588",s,distance,"0.0",m,speed,"0.0",m/s,enhanced_speed,"0.0",m/s,Effort Pace,"0.0",m/s,,,,
Data,9,record,activity_type,"1",,timestamp,"1147264589",s,distance,"1.5",m,speed,"1.789",m/s,enhanced_speed,"1.789",m/s,Effort Pace,"1.788",m/s,,,,
Definition,9,record,activity_type,1,,timestamp,1,,distance,1,,altitude,1,,speed,1,,Effort Pace,1,,,,,
Data,9,record,activity_type,"1",,timestamp,"1147264590",s,distance,"3.0",m,altitude,"45.0",m,speed,"3.578",m/s,enhanced_altitude,"45.0",m,enhanced_speed,"3.578",m/s,Effort Pace,"3.577",m/s,
Definition,9,record,activity_type,1,,timestamp,1,,distance,1,,altitude,1,,speed,1,,step_length,1,,Effort Pace,1,,,,,
Data,9,record,activity_type,"1",,timestamp,"1147264591",s,distance,"6.0",m,altitude,"45.0",m,speed,"3.592",m/s,step_length,"1110.0",mm,enhanced_altitude,"45.0",m,enhanced_speed,"3.592",m/s,Effort Pace,"3.591",m/s,
Data,9,record,activity_type,"1",,timestamp,"1147264592",s,distance,"9.0",m,altitude,"45.0",m,speed,"3.606",m/s,step_length,"1120.0",mm,enhanced_altitude,"45.0",m,enhanced_speed,"3.606",m/s,Effort Pace,"3.605",m/s,
Definition,9,record,activity_type,1,,timestamp,1,,distance,1,,altitude,1,,speed,1,,cadence,1,,power,1,,accumulated_power,1,,step_length,1,,Effort Pace,1,,
Data,9,record,activity_type,"1",,timestamp,"1147264593",s,distance,"12.5",m,altitude,"45.0",m,speed,"3.594",m/s,cadence,"96",rpm,power,"233",watts,accumulated_power,"233",watts,step_length,"1120.0",mm,enhanced_altitude,"45.0",m,enhanced_speed,"3.594",m/s,Effort Pace,"3.594",m/s,
Definition,9,record,activity_type,1,,timestamp,1,,distance,1,,heart_rate,1,,altitude,1,,speed,1,,cadence,1,,power,1,,accumulated_power,1,,step_length,1,,Effort Pace,1,,,,,
Data,9,record,activity_type,"1",,timestamp,"1147264594",s,distance,"16.0",m,heart_rate,"96",bpm,altitude,"46.0",m,speed,"3.586",m/s,cadence,"96",rpm,power,"234",watts,accumulated_power,"467",watts,step_length,"1120.0",mm,enhanced_altitude,"46.0",m,enhanced_speed,"3.586",m/s,Effort Pace,"3.586",m/s,
Data,9,record,activity_type,"1",,timestamp,"1147264595",s,distance,"19.5",m,heart_rate,"99",bpm,altitude,"46.0",m,speed,"3.572",m/s,cadence,"95",rpm,power,"233",watts,accumulated_power,"700",watts,step_length,"1120.0",mm,enhanced_altitude,"46.0",m,enhanced_speed,"3.572",m/s,Effort Pace,"3.572",m/s,
Data,9,record,activity_type,"1",,timestamp,"1147264596",s,distance,"23.0",m,heart_rate,"100",bpm,altitude,"46.0",m,speed,"3.561",m/s,cadence,"95",rpm,power,"232",watts,accumulated_power,"932",watts,step_length,"1120.0",mm,enhanced_altitude,"46.0",m,enhanced_speed,"3.561",m/s,Effort Pace,"3.561",m/s,
Data,9,record,activity_type,"1",,timestamp,"1147264597",s,distance,"30.0",m,heart_rate,"101",bpm,altitude,"46.0",m,speed,"3.517",m/s,cadence,"94",rpm,power,"231",watts,accumulated_power,"1163",watts,step_length,"1110.0",mm,enhanced_altitude,"46.0",m,enhanced_speed,"3.517",m/s,Effort Pace,"3.516",m/s,
Data,9,record,activity_type,"1",,timestamp,"1147264598",s,distance,"37.0",m,heart_rate,"103",bpm,altitude,"46.0",m,speed,"3.475",m/s,cadence,"93",rpm,power,"230",watts,accumulated_power,"1393",watts,step_length,"1110.0",mm,enhanced_altitude,"46.0",m,enhanced_speed,"3.475",m/s,Effort Pace,"3.475",m/s,
Data,9,record,activity_type,"1",,timestamp,"1147264599",s,distance,"40.5",m,heart_rate,"103",bpm,altitude,"46.0",m,speed,"3.453",m/s,cadence,"93",rpm,power,"227",watts,accumulated_power,"1620",watts,step_length,"1100.0",mm,enhanced_altitude,"46.0",m,enhanced_speed,"3.453",m/s,Effort Pace,"3.452",m/s,
Data,9,record,activity_type,"1",,timestamp,"1147264600",s,distance,"44.0",m,heart_rate,"105",bpm,altitude,"46.0",m,speed,"3.433",m/s,cadence,"93",rpm,power,"225",watts,accumulated_power,"1845",watts,step_length,"1100.0",mm,enhanced_altitude,"46.0",m,enhanced_speed,"3.433",m/s,Effort Pace,"3.433",m/s,
Data,9,record,activity_type,"1",,timestamp,"1147264601",s,distance,"47.0",m,heart_rate,"106",bpm,altitude,"46.0",m,speed,"3.419",m/s,cadence,"93",rpm,power,"223",watts,accumulated_power,"2068",watts,step_length,"1090.0",mm,enhanced_altitude,"46.0",m,enhanced_speed,"3.419",m/s,Effort Pace,"3.419",m/s,
Data,9,record,activity_type,"1",,timestamp,"1147264602",s,distance,"50.0",m,heart_rate,"109",bpm,altitude,"46.0",m,speed,"3.408",m/s,cadence,"93",rpm,power,"222",watts,accumulated_power,"2290",watts,step_length,"1090.0",mm,enhanced_altitude,"46.0",m,enhanced_speed,"3.408",m/s,Effort Pace,"3.408",m/s,
Data,9,record,activity_type,"1",,timestamp,"1147264603",s,distance,"50.0",m,heart_rate,"109",bpm,altitude,"46.0",m,speed,"3.406",m/s,cadence,"93",rpm,power,"221",watts,accumulated_power,"2511",watts,step_length,"1090.0",mm,enhanced_altitude,"46.0",m,enhanced_speed,"3.406",m/s,Effort Pace,"3.477",m/s,
Data,9,record,activity_type,"1",,timestamp,"1147264604",s,distance,"50.0",m,heart_rate,"108",bpm,altitude,"46.0",m,speed,"3.406",m/s,cadence,"93",rpm,power,"221",watts,accumulated_power,"2732",watts,step_length,"1090.0",mm,enhanced_altitude,"46.0",m,enhanced_speed,"3.406",m/s,Effort Pace,"3.549",m/s,
Definition,9,record,activity_type,1,,timestamp,1,,position_lat,1,,position_long,1,,distance,1,,heart_rate,1,,altitude,1,,speed,1,,cadence,1,,power,1,,accumulated_power,1,,step_length,1,,Effort Pace,1,,
Data,9,record,activity_type,"1",,timestamp,"1147264605",s,position_lat,"608395553",semicircles,position_long,"69776139",semicircles,distance,"50.0",m,heart_rate,"108",bpm,altitude,"46.0",m,speed,"3.406",m/s,cadence,"93",rpm,power,"226",watts,accumulated_power,"2958",watts,step_length,"1090.0",mm,enhanced_altitude,"46.0",m,enhanced_speed,"3.406",m/s,Effort Pace,"3.549",m/s,
Data,9,record,activity_type,"1",,timestamp,"1147264606",s,position_lat,"608395472",semicircles,position_long,"69775990",semicircles,distance,"50.0",m,heart_rate,"108",bpm,altitude,"46.0",m,speed,"3.406",m/s,cadence,"93",rpm,power,"231",watts,accumulated_power,"3189",watts,step_length,"1090.0",mm,enhanced_altitude,"46.0",m,enhanced_speed,"3.406",m/s,Effort Pace,"3.549",m/s,
Data,9,record,activity_type,"1",,timestamp,"1147264607",s,position_lat,"608395391",semicircles,position_long,"69775842",semicircles,distance,"56.5",m,heart_rate,"108",bpm,altitude,"46.0",m,speed,"3.117",m/s,cadence,"93",rpm,power,"231",watts,accumulated_power,"3420",watts,step_length,"1000.0",mm,enhanced_altitude,"46.0",m,enhanced_speed,"3.117",m/s,Effort Pace,"3.188",m/s,
Data,9,record,activity_type,"1",,timestamp,"1147264608",s,position_lat,"608395247",semicircles,position_long,"69775646",semicircles,distance,"63.0",m,heart_rate,"108",bpm,altitude,"46.0",m,speed,"2.828",m/s,cadence,"93",rpm,power,"231",watts,accumulated_power,"3651",watts,step_length,"910.0",mm,enhanced_altitude,"46.0",m,enhanced_speed,"2.828",m/s,Effort Pace,"2.827",m/s,
Data,9,record,activity_type,"1",,timestamp,"1147264609",s,position_lat,"608395103",semicircles,position_long,"69775452",semicircles,distance,"65.5",m,heart_rate,"108",bpm,altitude,"46.0",m,speed,"2.803",m/s,cadence,"93",rpm,power,"211",watts,accumulated_power,"3862",watts,step_length,"900.0",mm,enhanced_altitude,"46.0",m,enhanced_speed,"2.803",m/s,Effort Pace,"2.861",m/s,
Data,9,record,activity_type,"1",,timestamp,"1147264610",s,position_lat,"608394902",semicircles,position_long,"69775230",semicircles,distance,"68.0",m,heart_rate,"108",bpm,altitude,"46.0",m,speed,"2.778",m/s,cadence,"93",rpm,power,"192",watts,accumulated_power,"4054",watts,step_length,"890.0",mm,enhanced_altitude,"46.0",m,enhanced_speed,"2.778",m/s,Effort Pace,"2.894",m/s,
Data,9,record,activity_type,"1",,timestamp,"1147264611",s,position_lat,"608394703",semicircles,position_long,"69775009",semicircles,distance,"70.5",m,heart_rate,"108",bpm,altitude,"46.0",m,speed,"2.756",m/s,cadence,"93",rpm,power,"190",watts,accumulated_power,"4244",watts,step_length,"880.0",mm,enhanced_altitude,"46.0",m,enhanced_speed,"2.756",m/s,Effort Pace,"2.866",m/s,
Data,9,record,activity_type,"1",,timestamp,"1147264612",s,position_lat,"608394468",semicircles,position_long,"69774773",semicircles,distance,"73.0",m,heart_rate,"109",bpm,altitude,"46.0",m,speed,"2.733",m/s,cadence,"93",rpm,power,"188",watts,accumulated_power,"4432",watts,step_length,"880.0",mm,enhanced_altitude,"46.0",m,enhanced_speed,"2.733",m/s,Effort Pace,"2.841",m/s,
Data,9,record,activity_type,"1",,timestamp,"1147264613",s,position_lat,"608394234",semicircles,position_long,"69774538",semicircles,distance,"76.0",m,heart_rate,"111",bpm,altitude,"46.0",m,speed,"2.728",m/s,cadence,"93",rpm,power,"186",watts,accumulated_power,"4618",watts,step_length,"870.0",mm,enhanced_altitude,"46.0",m,enhanced_speed,"2.728",m/s,Effort Pace,"2.836",m/s,
Data,9,record,activity_type,"1",,timestamp,"1147264614",s,position_lat,"608393999",semicircles,position_long,"69774285",semicircles,distance,"79.0",m,heart_rate,"112",bpm,altitude,"46.0",m,speed,"2.722",m/s,cadence,"94",rpm,power,"185",watts,accumulated_power,"4803",watts,step_length,"870.0",mm,enhanced_altitude,"46.0",m,enhanced_speed,"2.722",m/s,Effort Pace,"2.833",m/s,
Data,9,record,activity_type,"1",,timestamp,"1147264615",s,position_lat,"608393764",semicircles,position_long,"69774032",semicircles,distance,"82.0",m,heart_rate,"112",bpm,altitude,"46.0",m,speed,"2.736",m/s,cadence,"94",rpm,power,"184",watts,accumulated_power,"4987",watts,step_length,"870.0",mm,enhanced_altitude,"46.0",m,enhanced_speed,"2.736",m/s,Effort Pace,"2.847",m/s,
Data,9,record,activity_type,"1",,timestamp,"1147264616",s,position_lat,"608393530",semicircles,position_long,"69773780",semicircles,distance,"85.0",m,heart_rate,"113",bpm,altitude,"46.0",m,speed,"2.753",m/s,cadence,"94",rpm,power,"184",watts,accumulated_power,"5171",watts,step_length,"880.0",mm,enhanced_altitude,"46.0",m,enhanced_speed,"2.753",m/s,Effort Pace,"2.863",m/s,
Data,9,record,activity_type,"1",,timestamp,"1147264617",s,position_lat,"608393284",semicircles,position_long,"69773507",semicircles,distance,"88.0",m,heart_rate,"113",bpm,altitude,"46.0",m,speed,"2.783",m/s,cadence,"94",rpm,power,"185",watts,accumulated_power,"5356",watts,step_length,"880.0",mm,enhanced_altitude,"46.0",m,enhanced_speed,"2.783",m/s,Effort Pace,"2.838",m/s,
Data,9,record,activity_type,"1",,timestamp,"1147264618",s,position_lat,"608393039",semicircles,position_long,"69773234",semicircles,distance,"91.0",m,heart_rate,"113",bpm,altitude,"46.0",m,speed,"2.814",m/s,cadence,"94",rpm,power,"186",watts,accumulated_power,"5542",watts,step_length,"890.0",mm,enhanced_altitude,"46.0",m,enhanced_speed,"2.814",m/s,Effort Pace,"2.813",m/s,
Data,9,record,activity_type,"1",,timestamp,"1147264619",s,position_lat,"608392765",semicircles,position_long,"69772951",semicircles,distance,"94.0",m,heart_rate,"113",bpm,altitude,"46.0",m,speed,"2.844",m/s,cadence,"94",rpm,power,"188",watts,accumulated_power,"5730",watts,step_length,"900.0",mm,enhanced_altitude,"46.0",m,enhanced_speed,"2.844",m/s,Effort Pace,"2.844",m/s,
Data,9,record,activity_type,"1",,timestamp,"1147264620",s,position_lat,"608392492",semicircles,position_long,"69772670",semicircles,distance,"97.0",m,heart_rate,"114",bpm,altitude,"46.0",m,speed,"2.875",m/s,cadence,"95",rpm,power,"190",watts,accumulated_power,"5920",watts,step_length,"910.0",mm,enhanced_altitude,"46.0",m,enhanced_speed,"2.875",m/s,Effort Pace,"2.875",m/s,
Data,9,record,activity_type,"1",,timestamp,"1147264621",s,position_lat,"608392217",semicircles,position_long,"69772375",semicircles,distance,"100.0",m,heart_rate,"115",bpm,altitude,"46.0",m,speed,"2.892",m/s,cadence,"95",rpm,power,"188",watts,accumulated_power,"6108",watts,step_length,"910.0",mm,enhanced_altitude,"46.0",m,enhanced_speed,"2.892",m/s,Effort Pace,"2.891",m/s,
Data,9,record,activity_type,"1",,timestamp,"1147264622",s,position_lat,"608391941",semicircles,position_long,"69772081",semicircles,distance,"103.0",m,heart_rate,"117",bpm,altitude,"46.0",m,speed,"2.908",m/s,cadence,"95",rpm,power,"186",watts,accumulated_power,"6294",watts,step_length,"920.0",mm,enhanced_altitude,"46.0",m,enhanced_speed,"2.908",m/s,Effort Pace,"2.908",m/s,
Data,9,record,activity_type,"1",,timestamp,"1147264623",s,position_lat,"608391682",semicircles,position_long,"69771780",semicircles,distance,"105.5",m,heart_rate,"117",bpm,altitude,"46.0",m,speed,"2.914",m/s,cadence,"95",rpm,power,"187",watts,accumulated_power,"6481",watts,step_length,"920.0",mm,enhanced_altitude,"46.0",m,enhanced_speed,"2.914",m/s,Effort Pace,"2.913",m/s,
Data,9,record,activity_type,"1",,timestamp,"1147264624",s,position_lat,"608391424",semicircles,position_long,"69771479",semicircles,distance,"108.0",m,heart_rate,"118",bpm,altitude,"46.0",m,speed,"2.919",m/s,cadence,"95",rpm,power,"188",watts,accumulated_power,"6669",watts,step_length,"920.0",mm,enhanced_altitude,"46.0",m,enhanced_speed,"2.919",m/s,Effort Pace,"2.919",m/s,
Data,9,record,activity_type,"1",,timestamp,"1147264625",s,position_lat,"608391185",semicircles,position_long,"69771179",semicircles,distance,"111.0",m,heart_rate,"118",bpm,altitude,"46.0",m,speed,"2.917",m/s,cadence,"94",rpm,power,"188",watts,accumulated_power,"6857",watts,step_length,"920.0",mm,enhanced_altitude,"46.0",m,enhanced_speed,"2.917",m/s,Effort Pace,"2.916",m/s,
Data,9,record,activity_type,"1",,timestamp,"1147264626",s,position_lat,"608390945",semicircles,position_long,"69770880",semicircles,distance,"114.0",m,heart_rate,"119",bpm,altitude,"46.0",m,speed,"2.914",m/s,cadence,"94",rpm,power,"189",watts,accumulated_power,"7046",watts,step_length,"920.0",mm,enhanced_altitude,"46.0",m,enhanced_speed,"2.914",m/s,Effort Pace,"2.913",m/s,
Data,9,record,activity_type,"1",,timestamp,"1147264627",s,position_lat,"608390713",semicircles,position_long,"69770570",semicircles,distance,"117.0",m,heart_rate,"119",bpm,altitude,"46.0",m,speed,"2.903",m/s,cadence,"94",rpm,power,"188",watts,accumulated_power,"7234",watts,step_length,"920.0",mm,enhanced_altitude,"46.0",m,enhanced_speed,"2.903",m/s,Effort Pace,"2.902",m/s,
Data,9,record,activity_type,"1",,timestamp,"1147264628",s,position_lat,"608390482",semicircles,position_long,"69770260",semicircles,distance,"120.0",m,heart_rate,"119",bpm,altitude,"46.0",m,speed,"2.894",m/s,cadence,"94",rpm,power,"188",watts,accumulated_power,"7422",watts,step_length,"920.0",mm,enhanced_altitude,"46.0",m,enhanced_speed,"2.894",m/s,Effort Pace,"2.894",m/s,
Data,9,record,activity_type,"1",,timestamp,"1147264629",s,position_lat,"608390260",semicircles,position_long,"69769927",semicircles,distance,"122.5",m,heart_rate,"119",bpm,altitude,"46.0",m,speed,"2.883",m/s,cadence,"93",rpm,power,"187",watts,accumulated_power,"7609",watts,step_length,"920.0",mm,enhanced_altitude,"46.0",m,enhanced_speed,"2.883",m/s,Effort Pace,"2.883",m/s,
Data,9,record,activity_type,"1",,timestamp,"1147264630",s,position_lat,"608390039",semicircles,position_long,"69769595",semicircles,distance,"125.0",m,heart_rate,"119",bpm,altitude,"46.0",m,speed,"2.872",m/s,cadence,"93",rpm,power,"187",watts,accumulated_power,"7796",watts,step_length,"920.0",mm,enhanced_altitude,"46.0",m,enhanced_speed,"2.872",m/s,Effort Pace,"2.872",m/s,
Data,9,record,activity_type,"1",,timestamp,"1147264631",s,position_lat,"608389826",semicircles,position_long,"69769256",semicircles,distance,"128.0",m,heart_rate,"119",bpm,altitude,"46.0",m,speed,"2.861",m/s,cadence,"93",rpm,power,"186",watts,accumulated_power,"7982",watts,step_length,"920.0",mm,enhanced_altitude,"46.0",m,enhanced_speed,"2.861",m/s,Effort Pace,"2.861",m/s,
Data,9,record,activity_type,"1",,timestamp,"1147264632",s,position_lat,"608389613",semicircles,position_long,"69768919",semicircles,distance,"131.0",m,heart_rate,"119",bpm,altitude,"46.0",m,speed,"2.853",m/s,cadence,"93",rpm,power,"186",watts,accumulated_power,"8168",watts,step_length,"920.0",mm,enhanced_altitude,"46.0",m,enhanced_speed,"2.853",m/s,Effort Pace,"2.852",m/s,
Data,9,record,activity_type,"1",,timestamp,"1147264633",s,position_lat,"608389400",semicircles,position_long,"69768585",semicircles,distance,"134.0",m,heart_rate,"121",bpm,altitude,"46.0",m,speed,"2.839",m/s,cadence,"93",rpm,power,"185",watts,accumulated_power,"8353",watts,step_length,"910.0",mm,enhanced_altitude,"46.0",m,enhanced_speed,"2.839",m/s,Effort Pace,"2.838",m/s,
Data,9,record,activity_type,"1",,timestamp,"1147264634",s,position_lat,"608389187",semicircles,position_long,"69768252",semicircles,distance,"137.0",m,heart_rate,"122",bpm,altitude,"46.0",m,speed,"2.828",m/s,cadence,"93",rpm,power,"184",watts,accumulated_power,"8537",watts,step_length,"910.0",mm,enhanced_altitude,"46.0",m,enhanced_speed,"2.828",m/s,Effort Pace,"2.827",m/s,
Data,9,record,activity_type,"1",,timestamp,"1147264635",s,position_lat,"608388968",semicircles,position_long,"69767936",semicircles,distance,"139.5",m,heart_rate,"122",bpm,altitude,"46.0",m,speed,"2.831",m/s,cadence,"93",rpm,power,"183",watts,accumulated_power,"8720",watts,step_length,"910.0",mm,enhanced_altitude,"46.0",m,enhanced_speed,"2.831",m/s,Effort Pace,"2.83",m/s,
Data,9,record,activity_type,"1",,timestamp,"1147264636",s,position_lat,"608388750",semicircles,position_long,"69767621",semicircles,distance,"142.0",m,heart_rate,"123",bpm,altitude,"46.0",m,speed,"2.833",m/s,cadence,"93",rpm,power,"183",watts,accumulated_power,"8903",watts,step_length,"910.0",mm,enhanced_altitude,"46.0",m,enhanced_speed,"2.833",m/s,Effort Pace,"2.833",m/s,
Data,9,record,activity_type,"1",,timestamp,"1147264637",s,position_lat,"608388526",semicircles,position_long,"69767306",semicircles,distance,"143.5",m,heart_rate,"123",bpm,altitude,"46.0",m,speed,"2.831",m/s,cadence,"93",rpm,power,"183",watts,accumulated_power,"9086",watts,step_length,"910.0",mm,enhanced_altitude,"46.0",m,enhanced_speed,"2.831",m/s,Effort Pace,"2.83",m/s,
Data,9,record,activity_type,"1",,timestamp,"1147264638",s,position_lat,"608388303",semicircles,position_long,"69766991",semicircles,distance,"145.0",m,heart_rate,"123",bpm,altitude,"46.0",m,speed,"2.828",m/s,cadence,"93",rpm,power,"183",watts,accumulated_power,"9269",watts,step_length,"910.0",mm,enhanced_altitude,"46.0",m,enhanced_speed,"2.828",m/s,Effort Pace,"2.827",m/s,
Data,9,record,activity_type,"1",,timestamp,"1147264639",s,position_lat,"608388140",semicircles,position_long,"69766689",semicircles,distance,"145.0",m,heart_rate,"122",bpm,altitude,"46.0",m,speed,"2.833",m/s,cadence,"93",rpm,power,"183",watts,accumulated_power,"9452",watts,step_length,"910.0",mm,enhanced_altitude,"46.0",m,enhanced_speed,"2.833",m/s,Effort Pace,"2.833",m/s,
Data,9,record,activity_type,"1",,timestamp,"1147264640",s,position_lat,"608387976",semicircles,position_long,"69766388",semicircles,distance,"145.0",m,heart_rate,"122",bpm,altitude,"46.0",m,speed,"2.839",m/s,cadence,"93",rpm,power,"183",watts,accumulated_power,"9635",watts,step_length,"910.0",mm,enhanced_altitude,"46.0",m,enhanced_speed,"2.839",m/s,Effort Pace,"2.838",m/s,
Data,9,record,activity_type,"1",,timestamp,"1147264641",s,distance,"145.0",m,heart_rate,"123",bpm,altitude,"46.0",m,speed,"2.183",m/s,cadence,"83",rpm,power,"183",watts,accumulated_power,"9818",watts,step_length,"770.0",mm,enhanced_altitude,"46.0",m,enhanced_speed,"2.183",m/s,Effort Pace,"2.183",m/s,,,,,,,
Data,9,record,activity_type,"1",,timestamp,"1147264642",s,distance,"145.0",m,heart_rate,"123",bpm,altitude,"46.0",m,speed,"1.528",m/s,cadence,"72",rpm,power,"184",watts,accumulated_power,"10002",watts,step_length,"630.0",mm,enhanced_altitude,"46.0",m,enhanced_speed,"1.528",m/s,Effort Pace,"1.527",m/s,,,,,,,
Data,9,record,activity_type,"1",,timestamp,"1147264643",s,distance,"145.0",m,heart_rate,"123",bpm,altitude,"46.0",m,speed,"0.764",m/s,cadence,"72",rpm,power,"141",watts,accumulated_power,"10143",watts,step_length,"310.0",mm,enhanced_altitude,"46.0",m,enhanced_speed,"0.764",m/s,Effort Pace,"0.763",m/s,,,,,,,
Data,9,record,activity_type,"1",,timestamp,"1147264644",s,distance,"145.0",m,heart_rate,"123",bpm,altitude,"46.0",m,speed,"0.0",m/s,cadence,"72",rpm,power,"99",watts,accumulated_power,"10242",watts,step_length,"0.0",mm,enhanced_altitude,"46.0",m,enhanced_speed,"0.0",m/s,Effort Pace,"0.0",m/s,,,,,,,
Data,9,record,activity_type,"1",,timestamp,"1147264645",s,distance,"145.0",m,heart_rate,"123",bpm,altitude,"46.0",m,speed,"0.0",m/s,cadence,"72",rpm,power,"49",watts,accumulated_power,"10291",watts,step_length,"0.0",mm,enhanced_altitude,"46.0",m,enhanced_speed,"0.0",m/s,Effort Pace,"0.0",m/s,,,,,,,
Data,9,record,activity_type,"1",,timestamp,"1147264646",s,distance,"145.0",m,heart_rate,"122",bpm,altitude,"46.0",m,speed,"0.0",m/s,cadence,"72",rpm,power,"0",watts,accumulated_power,"10291",watts,step_length,"0.0",mm,enhanced_altitude,"46.0",m,enhanced_speed,"0.0",m/s,Effort Pace,"0.0",m/s,,,,,,,
Data,9,record,activity_type,"1",,timestamp,"1147264647",s,distance,"145.0",m,heart_rate,"122",bpm,altitude,"46.0",m,speed,"0.0",m/s,cadence,"72",rpm,power,"0",watts,accumulated_power,"10291",watts,step_length,"0.0",mm,enhanced_altitude,"46.0",m,enhanced_speed,"0.0",m/s,Effort Pace,"0.0",m/s,,,,,,,
Data,9,record,activity_type,"1",,timestamp,"1147264648",s,distance,"145.0",m,heart_rate,"122",bpm,altitude,"46.0",m,speed,"0.0",m/s,cadence,"72",rpm,power,"0",watts,accumulated_power,"10291",watts,step_length,"0.0",mm,enhanced_altitude,"46.0",m,enhanced_speed,"0.0",m/s,Effort Pace,"0.0",m/s,,,,,,,
Data,9,record,activity_type,"1",,timestamp,"1147264649",s,distance,"145.0",m,heart_rate,"121",bpm,altitude,"46.0",m,speed,"0.0",m/s,cadence,"36",rpm,power,"0",watts,accumulated_power,"10291",watts,step_length,"0.0",mm,enhanced_altitude,"46.0",m,enhanced_speed,"0.0",m/s,Effort Pace,"0.0",m/s,,,,,,,
Data,9,record,activity_type,"1",,timestamp,"1147264650",s,distance,"145.0",m,heart_rate,"120",bpm,altitude,"46.0",m,speed,"0.0",m/s,cadence,"0",rpm,power,"0",watts,accumulated_power,"10291",watts,step_length,"0.0",mm,enhanced_altitude,"46.0",m,enhanced_speed,"0.0",m/s,Effort Pace,"0.0",m/s,,,,,,,
Data,9,record,activity_type,"1",,timestamp,"1147264651",s,distance,"145.0",m,heart_rate,"118",bpm,altitude,"46.0",m,speed,"0.0",m/s,cadence,"0",rpm,power,"0",watts,accumulated_power,"10291",watts,step_length,"0.0",mm,enhanced_altitude,"46.0",m,enhanced_speed,"0.0",m/s,Effort Pace,"0.0",m/s,,,,,,,
Data,9,record,activity_type,"1",,timestamp,"1147264652",s,distance,"145.0",m,heart_rate,"116",bpm,altitude,"46.0",m,speed,"0.0",m/s,cadence,"0",rpm,power,"0",watts,accumulated_power,"10291",watts,step_length,"0.0",mm,enhanced_altitude,"46.0",m,enhanced_speed,"0.0",m/s,Effort Pace,"0.0",m/s,,,,,,,
Data,9,record,activity_type,"1",,timestamp,"1147264653",s,distance,"145.0",m,heart_rate,"116",bpm,altitude,"46.0",m,speed,"0.0",m/s,cadence,"0",rpm,power,"0",watts,accumulated_power,"10291",watts,step_length,"0.0",mm,enhanced_altitude,"46.0",m,enhanced_speed,"0.0",m/s,Effort Pace,"0.0",m/s,,,,,,,
Data,9,record,activity_type,"1",,timestamp,"1147264654",s,distance,"145.0",m,heart_rate,"116",bpm,altitude,"46.0",m,speed,"0.0",m/s,cadence,"0",rpm,power,"0",watts,accumulated_power,"10291",watts,step_length,"0.0",mm,enhanced_altitude,"46.0",m,enhanced_speed,"0.0",m/s,Effort Pace,"0.0",m/s,,,,,,,
Data,9,record,activity_type,"1",,timestamp,"1147264655",s,distance,"145.0",m,heart_rate,"116",bpm,altitude,"46.0",m,speed,"0.0",m/s,cadence,"0",rpm,power,"0",watts,accumulated_power,"10291",watts,step_length,"0.0",mm,enhanced_altitude,"46.0",m,enhanced_speed,"0.0",m/s,Effort Pace,"0.0",m/s,,,,,,,
Data,9,record,activity_type,"1",,timestamp,"1147264656",s,distance,"145.0",m,heart_rate,"116",bpm,altitude,"46.0",m,speed,"0.0",m/s,cadence,"0",rpm,power,"0",watts,accumulated_power,"10291",watts,step_length,"0.0",mm,enhanced_altitude,"46.0",m,enhanced_speed,"0.0",m/s,Effort Pace,"0.0",m/s,,,,,,,
Data,9,record,activity_type,"1",,timestamp,"1147264657",s,distance,"145.0",m,heart_rate,"116",bpm,altitude,"46.0",m,speed,"0.0",m/s,cadence,"0",rpm,power,"0",watts,accumulated_power,"10291",watts,step_length,"0.0",mm,enhanced_altitude,"46.0",m,enhanced_speed,"0.0",m/s,Effort Pace,"0.0",m/s,,,,,,,
Data,9,record,activity_type,"1",,timestamp,"1147264658",s,distance,"145.0",m,heart_rate,"116",bpm,altitude,"46.0",m,speed,"0.0",m/s,cadence,"0",rpm,power,"0",watts,accumulated_power,"10291",watts,step_length,"0.0",mm,enhanced_altitude,"46.0",m,enhanced_speed,"0.0",m/s,Effort Pace,"0.0",m/s,,,,,,,
Data,9,record,activity_type,"1",,timestamp,"1147264659",s,distance,"145.0",m,heart_rate,"115",bpm,altitude,"46.0",m,speed,"0.0",m/s,cadence,"0",rpm,power,"0",watts,accumulated_power,"10291",watts,step_length,"0.0",mm,enhanced_altitude,"46.0",m,enhanced_speed,"0.0",m/s,Effort Pace,"0.0",m/s,,,,,,,
Data,9,record,activity_type,"1",,timestamp,"1147264660",s,distance,"145.0",m,heart_rate,"114",bpm,altitude,"46.0",m,speed,"0.0",m/s,cadence,"0",rpm,power,"0",watts,accumulated_power,"10291",watts,step_length,"0.0",mm,enhanced_altitude,"46.0",m,enhanced_speed,"0.0",m/s,Effort Pace,"0.0",m/s,,,,,,,
Data,9,record,activity_type,"1",,timestamp,"1147264661",s,distance,"145.0",m,heart_rate,"114",bpm,altitude,"46.0",m,speed,"0.0",m/s,cadence,"0",rpm,power,"0",watts,accumulated_power,"10291",watts,step_length,"0.0",mm,enhanced_altitude,"46.0",m,enhanced_speed,"0.0",m/s,Effort Pace,"0.0",m/s,,,,,,,
Data,9,record,activity_type,"1",,timestamp,"1147264662",s,distance,"145.0",m,heart_rate,"114",bpm,altitude,"46.0",m,speed,"0.0",m/s,cadence,"0",rpm,power,"0",watts,accumulated_power,"10291",watts,step_length,"0.0",mm,enhanced_altitude,"46.0",m,enhanced_speed,"0.0",m/s,Effort Pace,"0.0",m/s,,,,,,,
Data,9,record,activity_type,"1",,timestamp,"1147264663",s,distance,"145.0",m,heart_rate,"114",bpm,altitude,"46.0",m,speed,"0.0",m/s,cadence,"0",rpm,power,"0",watts,accumulated_power,"10291",watts,step_length,"0.0",mm,enhanced_altitude,"46.0",m,enhanced_speed,"0.0",m/s,Effort Pace,"0.0",m/s,,,,,,,
Data,9,record,activity_type,"1",,timestamp,"1147264664",s,distance,"145.0",m,heart_rate,"114",bpm,altitude,"46.0",m,speed,"0.0",m/s,cadence,"0",rpm,power,"0",watts,accumulated_power,"10291",watts,step_length,"0.0",mm,enhanced_altitude,"46.0",m,enhanced_speed,"0.0",m/s,Effort Pace,"0.0",m/s,,,,,,,
Data,9,record,activity_type,"1",,timestamp,"1147264665",s,distance,"145.0",m,heart_rate,"113",bpm,altitude,"46.0",m,speed,"0.0",m/s,cadence,"0",rpm,power,"0",watts,accumulated_power,"10291",watts,step_length,"0.0",mm,enhanced_altitude,"46.0",m,enhanced_speed,"0.0",m/s,Effort Pace,"0.0",m/s,,,,,,,
Data,9,record,activity_type,"1",,timestamp,"1147264666",s,distance,"145.0",m,heart_rate,"112",bpm,altitude,"46.0",m,speed,"0.0",m/s,cadence,"0",rpm,power,"0",watts,accumulated_power,"10291",watts,step_length,"0.0",mm,enhanced_altitude,"46.0",m,enhanced_speed,"0.0",m/s,Effort Pace,"0.0",m/s,,,,,,,
Data,9,record,activity_type,"1",,timestamp,"1147264667",s,distance,"145.0",m,heart_rate,"101",bpm,altitude,"46.0",m,speed,"0.0",m/s,cadence,"0",rpm,power,"0",watts,accumulated_power,"10291",watts,step_length,"0.0",mm,enhanced_altitude,"46.0",m,enhanced_speed,"0.0",m/s,Effort Pace,"0.0",m/s,,,,,,,
Data,9,record,activity_type,"1",,timestamp,"1147264668",s,distance,"145.0",m,heart_rate,"100",bpm,altitude,"46.0",m,speed,"0.0",m/s,cadence,"0",rpm,power,"0",watts,accumulated_power,"10291",watts,step_length,"0.0",mm,enhanced_altitude,"46.0",m,enhanced_speed,"0.0",m/s,Effort Pace,"0.0",m/s,,,,,,,
Data,9,record,activity_type,"1",,timestamp,"1147264669",s,distance,"145.0",m,heart_rate,"100",bpm,altitude,"46.0",m,speed,"0.0",m/s,cadence,"0",rpm,power,"0",watts,accumulated_power,"10291",watts,step_length,"0.0",mm,enhanced_altitude,"46.0",m,enhanced_speed,"0.0",m/s,Effort Pace,"0.0",m/s,,,,,,,
Data,9,record,activity_type,"1",,timestamp,"1147264670",s,distance,"145.0",m,heart_rate,"100",bpm,altitude,"46.0",m,speed,"0.0",m/s,cadence,"0",rpm,power,"0",watts,accumulated_power,"10291",watts,step_length,"0.0",mm,enhanced_altitude,"46.0",m,enhanced_speed,"0.0",m/s,Effort Pace,"0.0",m/s,,,,,,,
Data,9,record,activity_type,"1",,timestamp,"1147264671",s,distance,"145.0",m,heart_rate,"98",bpm,altitude,"46.0",m,speed,"0.0",m/s,cadence,"0",rpm,power,"0",watts,accumulated_power,"10291",watts,step_length,"0.0",mm,enhanced_altitude,"46.0",m,enhanced_speed,"0.0",m/s,Effort Pace,"0.0",m/s,,,,,,,
Data,9,record,activity_type,"1",,timestamp,"1147264672",s,distance,"145.0",m,heart_rate,"97",bpm,altitude,"46.0",m,speed,"0.0",m/s,cadence,"0",rpm,power,"0",watts,accumulated_power,"10291",watts,step_length,"0.0",mm,enhanced_altitude,"46.0",m,enhanced_speed,"0.0",m/s,Effort Pace,"0.0",m/s,,,,,,,
Data,9,record,activity_type,"1",,timestamp,"1147264673",s,distance,"145.0",m,heart_rate,"96",bpm,altitude,"46.0",m,speed,"0.0",m/s,cadence,"0",rpm,power,"0",watts,accumulated_power,"10291",watts,step_length,"0.0",mm,enhanced_altitude,"46.0",m,enhanced_speed,"0.0",m/s,Effort Pace,"0.0",m/s,,,,,,,
Data,9,record,activity_type,"1",,timestamp,"1147264674",s,distance,"145.0",m,heart_rate,"96",bpm,altitude,"46.0",m,speed,"0.0",m/s,cadence,"0",rpm,power,"0",watts,accumulated_power,"10291",watts,step_length,"0.0",mm,enhanced_altitude,"46.0",m,enhanced_speed,"0.0",m/s,Effort Pace,"0.0",m/s,,,,,,,
Data,9,record,activity_type,"1",,timestamp,"1147264675",s,distance,"145.0",m,heart_rate,"94",bpm,altitude,"46.0",m,speed,"0.0",m/s,cadence,"0",rpm,power,"0",watts,accumulated_power,"10291",watts,step_length,"0.0",mm,enhanced_altitude,"46.0",m,enhanced_speed,"0.0",m/s,Effort Pace,"0.0",m/s,,,,,,,
Data,9,record,activity_type,"1",,timestamp,"1147264676",s,distance,"145.0",m,heart_rate,"93",bpm,altitude,"46.0",m,speed,"0.0",m/s,cadence,"0",rpm,power,"0",watts,accumulated_power,"10291",watts,step_length,"0.0",mm,enhanced_altitude,"46.0",m,enhanced_speed,"0.0",m/s,Effort Pace,"0.0",m/s,,,,,,,
Data,9,record,activity_type,"1",,timestamp,"1147264677",s,distance,"145.0",m,heart_rate,"92",bpm,altitude,"46.0",m,speed,"0.0",m/s,cadence,"0",rpm,power,"0",watts,accumulated_power,"10291",watts,step_length,"0.0",mm,enhanced_altitude,"46.0",m,enhanced_speed,"0.0",m/s,Effort Pace,"0.0",m/s,,,,,,,
Data,9,record,activity_type,"1",,timestamp,"1147264678",s,distance,"145.0",m,heart_rate,"92",bpm,altitude,"46.0",m,speed,"0.0",m/s,cadence,"0",rpm,power,"0",watts,accumulated_power,"10291",watts,step_length,"0.0",mm,enhanced_altitude,"46.0",m,enhanced_speed,"0.0",m/s,Effort Pace,"0.0",m/s,,,,,,,
Data,9,record,activity_type,"1",,timestamp,"1147264679",s,distance,"145.0",m,heart_rate,"92",bpm,altitude,"46.0",m,speed,"0.0",m/s,cadence,"0",rpm,power,"0",watts,accumulated_power,"10291",watts,step_length,"0.0",mm,enhanced_altitude,"46.0",m,enhanced_speed,"0.0",m/s,Effort Pace,"0.0",m/s,,,,,,,
Data,9,record,activity_type,"1",,timestamp,"1147264680",s,distance,"145.0",m,heart_rate,"91",bpm,altitude,"46.0",m,speed,"0.0",m/s,cadence,"0",rpm,power,"0",watts,accumulated_power,"10291",watts,step_length,"0.0",mm,enhanced_altitude,"46.0",m,enhanced_speed,"0.0",m/s,Effort Pace,"0.0",m/s,,,,,,,
Data,9,record,activity_type,"1",,timestamp,"1147264681",s,distance,"145.0",m,heart_rate,"91",bpm,altitude,"46.0",m,speed,"0.0",m/s,cadence,"0",rpm,power,"0",watts,accumulated_power,"10291",watts,step_length,"0.0",mm,enhanced_altitude,"46.0",m,enhanced_speed,"0.0",m/s,Effort Pace,"0.0",m/s,,,,,,,
Data,9,record,activity_type,"1",,timestamp,"1147264682",s,distance,"145.0",m,heart_rate,"91",bpm,altitude,"46.0",m,speed,"0.0",m/s,cadence,"0",rpm,power,"0",watts,accumulated_power,"10291",watts,step_length,"0.0",mm,enhanced_altitude,"46.0",m,enhanced_speed,"0.0",m/s,Effort Pace,"0.0",m/s,,,,,,,
Data,9,record,activity_type,"1",,timestamp,"1147264683",s,distance,"145.0",m,heart_rate,"90",bpm,altitude,"46.0",m,speed,"0.0",m/s,cadence,"0",rpm,power,"0",watts,accumulated_power,"10291",watts,step_length,"0.0",mm,enhanced_altitude,"46.0",m,enhanced_speed,"0.0",m/s,Effort Pace,"0.0",m/s,,,,,,,
Data,9,record,activity_type,"1",,timestamp,"1147264684",s,distance,"145.0",m,heart_rate,"92",bpm,altitude,"46.0",m,speed,"0.0",m/s,cadence,"0",rpm,power,"0",watts,accumulated_power,"10291",watts,step_length,"0.0",mm,enhanced_altitude,"46.0",m,enhanced_speed,"0.0",m/s,Effort Pace,"0.0",m/s,,,,,,,
Data,9,record,activity_type,"1",,timestamp,"1147264685",s,distance,"145.0",m,heart_rate,"92",bpm,altitude,"46.0",m,speed,"0.0",m/s,cadence,"0",rpm,power,"0",watts,accumulated_power,"10291",watts,step_length,"0.0",mm,enhanced_altitude,"46.0",m,enhanced_speed,"0.0",m/s,Effort Pace,"0.0",m/s,,,,,,,
Data,9,record,activity_type,"1",,timestamp,"1147264686",s,distance,"145.0",m,heart_rate,"90",bpm,altitude,"46.0",m,speed,"0.0",m/s,cadence,"0",rpm,power,"0",watts,accumulated_power,"10291",watts,step_length,"0.0",mm,enhanced_altitude,"46.0",m,enhanced_speed,"0.0",m/s,Effort Pace,"0.0",m/s,,,,,,,
Data,9,record,activity_type,"1",,timestamp,"1147264687",s,distance,"145.0",m,heart_rate,"89",bpm,altitude,"46.0",m,speed,"0.0",m/s,cadence,"0",rpm,power,"0",watts,accumulated_power,"10291",watts,step_length,"0.0",mm,enhanced_altitude,"46.0",m,enhanced_speed,"0.0",m/s,Effort Pace,"0.0",m/s,,,,,,,
Data,9,record,activity_type,"1",,timestamp,"1147264688",s,distance,"145.0",m,heart_rate,"88",bpm,altitude,"46.0",m,speed,"0.0",m/s,cadence,"0",rpm,power,"0",watts,accumulated_power,"10291",watts,step_length,"0.0",mm,enhanced_altitude,"46.0",m,enhanced_speed,"0.0",m/s,Effort Pace,"0.0",m/s,,,,,,,
Data,9,record,activity_type,"1",,timestamp,"1147264689",s,distance,"145.0",m,heart_rate,"86",bpm,altitude,"46.0",m,speed,"0.0",m/s,cadence,"0",rpm,power,"0",watts,accumulated_power,"10291",watts,step_length,"0.0",mm,enhanced_altitude,"46.0",m,enhanced_speed,"0.0",m/s,Effort Pace,"0.0",m/s,,,,,,,
Data,9,record,activity_type,"1",,timestamp,"1147264690",s,distance,"145.0",m,heart_rate,"84",bpm,altitude,"46.0",m,speed,"0.0",m/s,cadence,"0",rpm,power,"0",watts,accumulated_power,"10291",watts,step_length,"0.0",mm,enhanced_altitude,"46.0",m,enhanced_speed,"0.0",m/s,Effort Pace,"0.0",m/s,,,,,,,
Data,9,record,activity_type,"1",,timestamp,"1147264691",s,distance,"145.0",m,heart_rate,"84",bpm,altitude,"46.0",m,speed,"0.0",m/s,cadence,"0",rpm,power,"0",watts,accumulated_power,"10291",watts,step_length,"0.0",mm,enhanced_altitude,"46.0",m,enhanced_speed,"0.0",m/s,Effort Pace,"0.0",m/s,,,,,,,
Data,9,record,activity_type,"1",,timestamp,"1147264692",s,distance,"145.0",m,heart_rate,"84",bpm,altitude,"46.0",m,speed,"0.0",m/s,cadence,"0",rpm,power,"0",watts,accumulated_power,"10291",watts,step_length,"0.0",mm,enhanced_altitude,"46.0",m,enhanced_speed,"0.0",m/s,Effort Pace,"0.0",m/s,,,,,,,
Data,9,record,activity_type,"1",,timestamp,"1147264693",s,distance,"145.0",m,heart_rate,"84",bpm,altitude,"46.0",m,speed,"0.0",m/s,cadence,"0",rpm,power,"0",watts,accumulated_power,"10291",watts,step_length,"0.0",mm,enhanced_altitude,"46.0",m,enhanced_speed,"0.0",m/s,Effort Pace,"0.0",m/s,,,,,,,
Data,9,record,activity_type,"1",,timestamp,"1147264694",s,distance,"145.0",m,heart_rate,"84",bpm,altitude,"46.0",m,speed,"0.0",m/s,cadence,"0",rpm,power,"0",watts,accumulated_power,"10291",watts,step_length,"0.0",mm,enhanced_altitude,"46.0",m,enhanced_speed,"0.0",m/s,Effort Pace,"0.0",m/s,,,,,,,
Data,9,record,activity_type,"1",,timestamp,"1147264695",s,distance,"145.0",m,heart_rate,"84",bpm,altitude,"46.0",m,speed,"0.0",m/s,cadence,"0",rpm,power,"0",watts,accumulated_power,"10291",watts,step_length,"0.0",mm,enhanced_altitude,"46.0",m,enhanced_speed,"0.0",m/s,Effort Pace,"0.0",m/s,,,,,,,
Data,9,record,activity_type,"1",,timestamp,"1147264696",s,distance,"145.0",m,heart_rate,"86",bpm,altitude,"46.0",m,speed,"0.0",m/s,cadence,"0",rpm,power,"0",watts,accumulated_power,"10291",watts,step_length,"0.0",mm,enhanced_altitude,"46.0",m,enhanced_speed,"0.0",m/s,Effort Pace,"0.0",m/s,,,,,,,
Data,9,record,activity_type,"1",,timestamp,"1147264697",s,distance,"145.0",m,heart_rate,"86",bpm,altitude,"46.0",m,speed,"0.0",m/s,cadence,"0",rpm,power,"0",watts,accumulated_power,"10291",watts,step_length,"0.0",mm,enhanced_altitude,"46.0",m,enhanced_speed,"0.0",m/s,Effort Pace,"0.0",m/s,,,,,,,
Data,9,record,activity_type,"1",,timestamp,"1147264698",s,distance,"145.0",m,heart_rate,"88",bpm,altitude,"46.0",m,speed,"0.0",m/s,cadence,"0",rpm,power,"0",watts,accumulated_power,"10291",watts,step_length,"0.0",mm,enhanced_altitude,"46.0",m,enhanced_speed,"0.0",m/s,Effort Pace,"0.0",m/s,,,,,,,
Data,9,record,activity_type,"1",,timestamp,"1147264699",s,distance,"145.0",m,heart_rate,"88",bpm,altitude,"46.0",m,speed,"0.0",m/s,cadence,"0",rpm,power,"0",watts,accumulated_power,"10291",watts,step_length,"0.0",mm,enhanced_altitude,"46.0",m,enhanced_speed,"0.0",m/s,Effort Pace,"0.0",m/s,,,,,,,
Data,9,record,activity_type,"1",,timestamp,"1147264700",s,distance,"145.0",m,heart_rate,"88",bpm,altitude,"46.0",m,speed,"0.0",m/s,cadence,"0",rpm,power,"0",watts,accumulated_power,"10291",watts,step_length,"0.0",mm,enhanced_altitude,"46.0",m,enhanced_speed,"0.0",m/s,Effort Pace,"0.0",m/s,,,,,,,
Data,9,record,activity_type,"1",,timestamp,"1147264701",s,distance,"145.0",m,heart_rate,"88",bpm,altitude,"46.0",m,speed,"0.0",m/s,cadence,"0",rpm,power,"0",watts,accumulated_power,"10291",watts,step_length,"0.0",mm,enhanced_altitude,"46.0",m,enhanced_speed,"0.0",m/s,Effort Pace,"0.0",m/s,,,,,,,
Data,9,record,activity_type,"1",,timestamp,"1147264702",s,distance,"145.0",m,heart_rate,"88",bpm,altitude,"46.0",m,speed,"0.0",m/s,cadence,"0",rpm,power,"0",watts,accumulated_power,"10291",watts,step_length,"0.0",mm,enhanced_altitude,"46.0",m,enhanced_speed,"0.0",m/s,Effort Pace,"0.0",m/s,,,,,,,
Data,9,record,activity_type,"1",,timestamp,"1147264703",s,distance,"145.0",m,heart_rate,"88",bpm,altitude,"46.0",m,speed,"0.0",m/s,cadence,"0",rpm,power,"0",watts,accumulated_power,"10291",watts,step_length,"0.0",mm,enhanced_altitude,"46.0",m,enhanced_speed,"0.0",m/s,Effort Pace,"0.0",m/s,,,,,,,
Data,9,record,activity_type,"1",,timestamp,"1147264704",s,distance,"145.0",m,heart_rate,"88",bpm,altitude,"46.0",m,speed,"0.0",m/s,cadence,"0",rpm,power,"0",watts,accumulated_power,"10291",watts,step_length,"0.0",mm,enhanced_altitude,"46.0",m,enhanced_speed,"0.0",m/s,Effort Pace,"0.0",m/s,,,,,,,
Data,9,record,activity_type,"1",,timestamp,"1147264705",s,distance,"145.0",m,heart_rate,"78",bpm,altitude,"46.0",m,speed,"0.0",m/s,cadence,"0",rpm,power,"0",watts,accumulated_power,"10291",watts,step_length,"0.0",mm,enhanced_altitude,"46.0",m,enhanced_speed,"0.0",m/s,Effort Pace,"0.0",m/s,,,,,,,
Data,9,record,activity_type,"1",,timestamp,"1147264706",s,distance,"145.0",m,heart_rate,"80",bpm,altitude,"46.0",m,speed,"0.0",m/s,cadence,"0",rpm,power,"0",watts,accumulated_power,"10291",watts,step_length,"0.0",mm,enhanced_altitude,"46.0",m,enhanced_speed,"0.0",m/s,Effort Pace,"0.0",m/s,,,,,,,
Data,9,record,activity_type,"1",,timestamp,"1147264707",s,distance,"145.0",m,heart_rate,"80",bpm,altitude,"46.0",m,speed,"0.0",m/s,cadence,"0",rpm,power,"0",watts,accumulated_power,"10291",watts,step_length,"0.0",mm,enhanced_altitude,"46.0",m,enhanced_speed,"0.0",m/s,Effort Pace,"0.0",m/s,,,,,,,
Data,9,record,activity_type,"1",,timestamp,"1147264708",s,distance,"145.0",m,heart_rate,"80",bpm,altitude,"46.0",m,speed,"0.0",m/s,cadence,"0",rpm,power,"0",watts,accumulated_power,"10291",watts,step_length,"0.0",mm,enhanced_altitude,"46.0",m,enhanced_speed,"0.0",m/s,Effort Pace,"0.0",m/s,,,,,,,
Data,9,record,activity_type,"1",,timestamp,"1147264709",s,distance,"145.0",m,heart_rate,"80",bpm,altitude,"46.0",m,speed,"0.0",m/s,cadence,"0",rpm,power,"0",watts,accumulated_power,"10291",watts,step_length,"0.0",mm,enhanced_altitude,"46.0",m,enhanced_speed,"0.0",m/s,Effort Pace,"0.0",m/s,,,,,,,
Data,9,record,activity_type,"1",,timestamp,"1147264710",s,distance,"145.0",m,heart_rate,"81",bpm,altitude,"46.0",m,speed,"0.0",m/s,cadence,"0",rpm,power,"0",watts,accumulated_power,"10291",watts,step_length,"0.0",mm,enhanced_altitude,"46.0",m,enhanced_speed,"0.0",m/s,Effort Pace,"0.0",m/s,,,,,,,
Data,9,record,activity_type,"1",,timestamp,"1147264711",s,distance,"145.0",m,heart_rate,"81",bpm,altitude,"46.0",m,speed,"0.0",m/s,cadence,"0",rpm,power,"0",watts,accumulated_power,"10291",watts,step_length,"0.0",mm,enhanced_altitude,"46.0",m,enhanced_speed,"0.0",m/s,Effort Pace,"0.0",m/s,,,,,,,
Data,9,record,activity_type,"1",,timestamp,"1147264712",s,distance,"145.0",m,heart_rate,"82",bpm,altitude,"46.0",m,speed,"0.0",m/s,cadence,"0",rpm,power,"0",watts,accumulated_power,"10291",watts,step_length,"0.0",mm,enhanced_altitude,"46.0",m,enhanced_speed,"0.0",m/s,Effort Pace,"0.0",m/s,,,,,,,
Data,9,record,activity_type,"1",,timestamp,"1147264713",s,distance,"145.0",m,heart_rate,"82",bpm,altitude,"46.0",m,speed,"0.0",m/s,cadence,"0",rpm,power,"0",watts,accumulated_power,"10291",watts,step_length,"0.0",mm,enhanced_altitude,"46.0",m,enhanced_speed,"0.0",m/s,Effort Pace,"0.0",m/s,,,,,,,
Data,9,record,activity_type,"1",,timestamp,"1147264714",s,distance,"145.0",m,heart_rate,"83",bpm,altitude,"46.0",m,speed,"0.0",m/s,cadence,"0",rpm,power,"0",watts,accumulated_power,"10291",watts,step_length,"0.0",mm,enhanced_altitude,"46.0",m,enhanced_speed,"0.0",m/s,Effort Pace,"0.0",m/s,,,,,,,
Data,9,record,activity_type,"1",,timestamp,"1147264715",s,distance,"145.0",m,heart_rate,"82",bpm,altitude,"46.0",m,speed,"0.0",m/s,cadence,"0",rpm,power,"0",watts,accumulated_power,"10291",watts,step_length,"0.0",mm,enhanced_altitude,"46.0",m,enhanced_speed,"0.0",m/s,Effort Pace,"0.0",m/s,,,,,,,
Data,9,record,activity_type,"1",,timestamp,"1147264716",s,distance,"145.0",m,heart_rate,"80",bpm,altitude,"46.0",m,speed,"0.0",m/s,cadence,"0",rpm,power,"0",watts,accumulated_power,"10291",watts,step_length,"0.0",mm,enhanced_altitude,"46.0",m,enhanced_speed,"0.0",m/s,Effort Pace,"0.0",m/s,,,,,,,
Data,9,record,activity_type,"1",,timestamp,"1147264717",s,distance,"145.0",m,heart_rate,"77",bpm,altitude,"46.0",m,speed,"0.0",m/s,cadence,"0",rpm,power,"0",watts,accumulated_power,"10291",watts,step_length,"0.0",mm,enhanced_altitude,"46.0",m,enhanced_speed,"0.0",m/s,Effort Pace,"0.0",m/s,,,,,,,
Data,9,record,activity_type,"1",,timestamp,"1147264718",s,distance,"145.0",m,heart_rate,"76",bpm,altitude,"46.0",m,speed,"0.0",m/s,cadence,"0",rpm,power,"0",watts,accumulated_power,"10291",watts,step_length,"0.0",mm,enhanced_altitude,"46.0",m,enhanced_speed,"0.0",m/s,Effort Pace,"0.0",m/s,,,,,,,
Data,9,record,activity_type,"1",,timestamp,"1147264719",s,distance,"145.0",m,heart_rate,"74",bpm,altitude,"46.0",m,speed,"0.0",m/s,cadence,"0",rpm,power,"0",watts,accumulated_power,"10291",watts,step_length,"0.0",mm,enhanced_altitude,"46.0",m,enhanced_speed,"0.0",m/s,Effort Pace,"0.0",m/s,,,,,,,
Data,9,record,activity_type,"1",,timestamp,"1147264720",s,distance,"145.0",m,heart_rate,"71",bpm,altitude,"46.0",m,speed,"0.0",m/s,cadence,"0",rpm,power,"0",watts,accumulated_power,"10291",watts,step_length,"0.0",mm,enhanced_altitude,"46.0",m,enhanced_speed,"0.0",m/s,Effort Pace,"0.0",m/s,,,,,,,
Data,9,record,activity_type,"1",,timestamp,"1147264721",s,distance,"145.0",m,heart_rate,"70",bpm,altitude,"46.0",m,speed,"0.0",m/s,cadence,"0",rpm,power,"0",watts,accumulated_power,"10291",watts,step_length,"0.0",mm,enhanced_altitude,"46.0",m,enhanced_speed,"0.0",m/s,Effort Pace,"0.0",m/s,,,,,,,
Data,9,record,activity_type,"1",,timestamp,"1147264722",s,distance,"145.0",m,heart_rate,"70",bpm,altitude,"46.0",m,speed,"0.0",m/s,cadence,"0",rpm,power,"0",watts,accumulated_power,"10291",watts,step_length,"0.0",mm,enhanced_altitude,"46.0",m,enhanced_speed,"0.0",m/s,Effort Pace,"0.0",m/s,,,,,,,
Data,9,record,activity_type,"1",,timestamp,"1147264723",s,distance,"145.0",m,heart_rate,"70",bpm,altitude,"46.0",m,speed,"0.0",m/s,cadence,"0",rpm,power,"0",watts,accumulated_power,"10291",watts,step_length,"0.0",mm,enhanced_altitude,"46.0",m,enhanced_speed,"0.0",m/s,Effort Pace,"0.0",m/s,,,,,,,
Data,9,record,activity_type,"1",,timestamp,"1147264724",s,distance,"145.0",m,heart_rate,"71",bpm,altitude,"46.0",m,speed,"0.0",m/s,cadence,"0",rpm,power,"0",watts,accumulated_power,"10291",watts,step_length,"0.0",mm,enhanced_altitude,"46.0",m,enhanced_speed,"0.0",m/s,Effort Pace,"0.0",m/s,,,,,,,
Data,9,record,activity_type,"1",,timestamp,"1147264725",s,distance,"145.0",m,heart_rate,"72",bpm,altitude,"46.0",m,speed,"0.0",m/s,cadence,"0",rpm,power,"0",watts,accumulated_power,"10291",watts,step_length,"0.0",mm,enhanced_altitude,"46.0",m,enhanced_speed,"0.0",m/s,Effort Pace,"0.0",m/s,,,,,,,
Data,9,record,activity_type,"1",,timestamp,"1147264726",s,distance,"145.0",m,heart_rate,"72",bpm,altitude,"46.0",m,speed,"0.0",m/s,cadence,"0",rpm,power,"0",watts,accumulated_power,"10291",watts,step_length,"0.0",mm,enhanced_altitude,"46.0",m,enhanced_speed,"0.0",m/s,Effort Pace,"0.0",m/s,,,,,,,
Data,9,record,activity_type,"1",,timestamp,"1147264727",s,distance,"145.0",m,heart_rate,"72",bpm,altitude,"46.0",m,speed,"0.0",m/s,cadence,"0",rpm,power,"0",watts,accumulated_power,"10291",watts,step_length,"0.0",mm,enhanced_altitude,"46.0",m,enhanced_speed,"0.0",m/s,Effort Pace,"0.0",m/s,,,,,,,
Data,9,record,activity_type,"1",,timestamp,"1147264728",s,distance,"145.0",m,heart_rate,"72",bpm,altitude,"46.0",m,speed,"0.0",m/s,cadence,"0",rpm,power,"0",watts,accumulated_power,"10291",watts,step_length,"0.0",mm,enhanced_altitude,"46.0",m,enhanced_speed,"0.0",m/s,Effort Pace,"0.0",m/s,,,,,,,
Data,9,record,activity_type,"1",,timestamp,"1147264729",s,distance,"145.0",m,heart_rate,"74",bpm,altitude,"46.0",m,speed,"0.0",m/s,cadence,"0",rpm,power,"0",watts,accumulated_power,"10291",watts,step_length,"0.0",mm,enhanced_altitude,"46.0",m,enhanced_speed,"0.0",m/s,Effort Pace,"0.0",m/s,,,,,,,
Data,9,record,activity_type,"1",,timestamp,"1147264730",s,distance,"145.0",m,heart_rate,"74",bpm,altitude,"46.0",m,speed,"0.0",m/s,cadence,"0",rpm,power,"0",watts,accumulated_power,"10291",watts,step_length,"0.0",mm,enhanced_altitude,"46.0",m,enhanced_speed,"0.0",m/s,Effort Pace,"0.0",m/s,,,,,,,
Data,9,record,activity_type,"1",,timestamp,"1147264731",s,distance,"145.0",m,heart_rate,"75",bpm,altitude,"46.0",m,speed,"0.0",m/s,cadence,"0",rpm,power,"0",watts,accumulated_power,"10291",watts,step_length,"0.0",mm,enhanced_altitude,"46.0",m,enhanced_speed,"0.0",m/s,Effort Pace,"0.0",m/s,,,,,,,
Data,9,record,activity_type,"1",,timestamp,"1147264732",s,distance,"145.0",m,heart_rate,"76",bpm,altitude,"46.0",m,speed,"0.0",m/s,cadence,"0",rpm,power,"0",watts,accumulated_power,"10291",watts,step_length,"0.0",mm,enhanced_altitude,"46.0",m,enhanced_speed,"0.0",m/s,Effort Pace,"0.0",m/s,,,,,,,
Data,9,record,activity_type,"1",,timestamp,"1147264733",s,distance,"145.0",m,heart_rate,"76",bpm,altitude,"46.0",m,speed,"0.0",m/s,cadence,"0",rpm,power,"0",watts,accumulated_power,"10291",watts,step_length,"0.0",mm,enhanced_altitude,"46.0",m,enhanced_speed,"0.0",m/s,Effort Pace,"0.0",m/s,,,,,,,
Data,9,record,activity_type,"1",,timestamp,"1147264734",s,distance,"145.0",m,heart_rate,"76",bpm,altitude,"46.0",m,speed,"0.0",m/s,cadence,"0",rpm,power,"0",watts,accumulated_power,"10291",watts,step_length,"0.0",mm,enhanced_altitude,"46.0",m,enhanced_speed,"0.0",m/s,Effort Pace,"0.0",m/s,,,,,,,
Data,9,record,activity_type,"1",,timestamp,"1147264735",s,distance,"145.0",m,heart_rate,"76",bpm,altitude,"46.0",m,speed,"0.0",m/s,cadence,"0",rpm,power,"0",watts,accumulated_power,"10291",watts,step_length,"0.0",mm,enhanced_altitude,"46.0",m,enhanced_speed,"0.0",m/s,Effort Pace,"0.0",m/s,,,,,,,
Data,9,record,activity_type,"1",,timestamp,"1147264736",s,distance,"145.0",m,heart_rate,"75",bpm,altitude,"46.0",m,speed,"0.0",m/s,cadence,"0",rpm,power,"0",watts,accumulated_power,"10291",watts,step_length,"0.0",mm,enhanced_altitude,"46.0",m,enhanced_speed,"0.0",m/s,Effort Pace,"0.0",m/s,,,,,,,
Data,9,record,activity_type,"1",,timestamp,"1147264737",s,distance,"145.0",m,heart_rate,"75",bpm,altitude,"46.0",m,speed,"0.0",m/s,cadence,"0",rpm,power,"0",watts,accumulated_power,"10291",watts,step_length,"0.0",mm,enhanced_altitude,"46.0",m,enhanced_speed,"0.0",m/s,Effort Pace,"0.0",m/s,,,,,,,
Data,9,record,activity_type,"1",,timestamp,"1147264738",s,distance,"145.0",m,heart_rate,"75",bpm,altitude,"46.0",m,speed,"0.0",m/s,cadence,"0",rpm,power,"0",watts,accumulated_power,"10291",watts,step_length,"0.0",mm,enhanced_altitude,"46.0",m,enhanced_speed,"0.0",m/s,Effort Pace,"0.0",m/s,,,,,,,
Data,9,record,activity_type,"1",,timestamp,"1147264739",s,position_lat,"608387881",semicircles,position_long,"69766399",semicircles,distance,"147.0",m,heart_rate,"75",bpm,altitude,"46.0",m,speed,"1.019",m/s,cadence,"47",rpm,power,"0",watts,accumulated_power,"10291",watts,step_length,"320.0",mm,enhanced_altitude,"46.0",m,enhanced_speed,"1.019",m/s,Effort Pace,"1.019",m/s,
Data,9,record,activity_type,"1",,timestamp,"1147264740",s,position_lat,"608387809",semicircles,position_long,"69766368",semicircles,distance,"149.0",m,heart_rate,"75",bpm,altitude,"46.0",m,speed,"2.042",m/s,cadence,"94",rpm,power,"0",watts,accumulated_power,"10291",watts,step_length,"650.0",mm,enhanced_altitude,"46.0",m,enhanced_speed,"2.042",m/s,Effort Pace,"2.041",m/s,
Data,9,record,activity_type,"1",,timestamp,"1147264741",s,position_lat,"608387739",semicircles,position_long,"69766338",semicircles,distance,"152.0",m,heart_rate,"75",bpm,altitude,"46.0",m,speed,"2.1",m/s,cadence,"94",rpm,power,"66",watts,accumulated_power,"10357",watts,step_length,"660.0",mm,enhanced_altitude,"46.0",m,enhanced_speed,"2.1",m/s,Effort Pace,"2.099",m/s,
Data,9,record,activity_type,"1",,timestamp,"1147264742",s,position_lat,"608387622",semicircles,position_long,"69766196",semicircles,distance,"155.0",m,heart_rate,"75",bpm,altitude,"46.0",m,speed,"2.161",m/s,cadence,"95",rpm,power,"132",watts,accumulated_power,"10489",watts,step_length,"670.0",mm,enhanced_altitude,"46.0",m,enhanced_speed,"2.161",m/s,Effort Pace,"2.161",m/s,
Data,9,record,activity_type,"1",,timestamp,"1147264743",s,position_lat,"608387506",semicircles,position_long,"69766054",semicircles,distance,"158.0",m,heart_rate,"75",bpm,altitude,"46.0",m,speed,"2.297",m/s,cadence,"95",rpm,power,"136",watts,accumulated_power,"10625",watts,step_length,"710.0",mm,enhanced_altitude,"46.0",m,enhanced_speed,"2.297",m/s,Effort Pace,"2.297",m/s,
Data,9,record,activity_type,"1",,timestamp,"1147264744",s,position_lat,"608387314",semicircles,position_long,"69765775",semicircles,distance,"161.0",m,heart_rate,"75",bpm,altitude,"46.0",m,speed,"2.433",m/s,cadence,"96",rpm,power,"140",watts,accumulated_power,"10765",watts,step_length,"760.0",mm,enhanced_altitude,"46.0",m,enhanced_speed,"2.433",m/s,Effort Pace,"2.433",m/s,
Data,9,record,activity_type,"1",,timestamp,"1147264745",s,position_lat,"608387122",semicircles,position_long,"69765497",semicircles,distance,"164.5",m,heart_rate,"78",bpm,altitude,"46.0",m,speed,"2.65",m/s,cadence,"96",rpm,power,"148",watts,accumulated_power,"10913",watts,step_length,"830.0",mm,enhanced_altitude,"46.0",m,enhanced_speed,"2.65",m/s,Effort Pace,"2.649",m/s,
Data,9,record,activity_type,"1",,timestamp,"1147264746",s,position_lat,"608386878",semicircles,position_long,"69765143",semicircles,distance,"168.0",m,heart_rate,"79",bpm,altitude,"46.0",m,speed,"2.869",m/s,cadence,"96",rpm,power,"157",watts,accumulated_power,"11070",watts,step_length,"900.0",mm,enhanced_altitude,"46.0",m,enhanced_speed,"2.869",m/s,Effort Pace,"2.869",m/s,
Data,9,record,activity_type,"1",,timestamp,"1147264747",s,position_lat,"608386634",semicircles,position_long,"69764789",semicircles,distance,"171.5",m,heart_rate,"79",bpm,altitude,"46.0",m,speed,"3.019",m/s,cadence,"96",rpm,power,"171",watts,accumulated_power,"11241",watts,step_length,"940.0",mm,enhanced_altitude,"46.0",m,enhanced_speed,"3.019",m/s,Effort Pace,"3.019",m/s,
Data,9,record,activity_type,"1",,timestamp,"1147264748",s,position_lat,"608386342",semicircles,position_long,"69764410",semicircles,distance,"175.0",m,heart_rate,"79",bpm,altitude,"46.0",m,speed,"3.172",m/s,cadence,"96",rpm,power,"186",watts,accumulated_power,"11427",watts,step_length,"990.0",mm,enhanced_altitude,"46.0",m,enhanced_speed,"3.172",m/s,Effort Pace,"3.172",m/s,
Data,9,record,activity_type,"1",,timestamp,"1147264749",s,position_lat,"608386050",semicircles,position_long,"69764031",semicircles,distance,"178.5",m,heart_rate,"79",bpm,altitude,"46.0",m,speed,"3.256",m/s,cadence,"96",rpm,power,"195",watts,accumulated_power,"11622",watts,step_length,"1010.0",mm,enhanced_altitude,"46.0",m,enhanced_speed,"3.256",m/s,Effort Pace,"3.325",m/s,
Data,9,record,activity_type,"1",,timestamp,"1147264750",s,position_lat,"608385743",semicircles,position_long,"69763650",semicircles,distance,"182.0",m,heart_rate,"79",bpm,altitude,"46.0",m,speed,"3.339",m/s,cadence,"95",rpm,power,"205",watts,accumulated_power,"11827",watts,step_length,"1040.0",mm,enhanced_altitude,"46.0",m,enhanced_speed,"3.339",m/s,Effort Pace,"3.477",m/s,
Data,9,record,activity_type,"1",,timestamp,"1147264751",s,position_lat,"608385436",semicircles,position_long,"69763271",semicircles,distance,"185.5",m,heart_rate,"79",bpm,altitude,"46.0",m,speed,"3.375",m/s,cadence,"95",rpm,power,"215",watts,accumulated_power,"12042",watts,step_length,"1060.0",mm,enhanced_altitude,"46.0",m,enhanced_speed,"3.375",m/s,Effort Pace,"3.513",m/s,
Data,9,record,activity_type,"1",,timestamp,"1147264752",s,position_lat,"608385131",semicircles,position_long,"69762890",semicircles,distance,"189.0",m,heart_rate,"79",bpm,altitude,"46.0",m,speed,"3.414",m/s,cadence,"95",rpm,power,"226",watts,accumulated_power,"12268",watts,step_length,"1080.0",mm,enhanced_altitude,"46.0",m,enhanced_speed,"3.414",m/s,Effort Pace,"3.549",m/s,
Data,9,record,activity_type,"1",,timestamp,"1147264753",s,position_lat,"608384826",semicircles,position_long,"69762510",semicircles,distance,"192.5",m,heart_rate,"79",bpm,altitude,"46.0",m,speed,"3.433",m/s,cadence,"94",rpm,power,"228",watts,accumulated_power,"12496",watts,step_length,"1090.0",mm,enhanced_altitude,"46.0",m,enhanced_speed,"3.433",m/s,Effort Pace,"3.574",m/s,
Data,9,record,activity_type,"1",,timestamp,"1147264754",s,position_lat,"608384531",semicircles,position_long,"69762127",semicircles,distance,"196.0",m,heart_rate,"79",bpm,altitude,"46.0",m,speed,"3.456",m/s,cadence,"94",rpm,power,"231",watts,accumulated_power,"12727",watts,step_length,"1100.0",mm,enhanced_altitude,"46.0",m,enhanced_speed,"3.456",m/s,Effort Pace,"3.602",m/s,
Data,9,record,activity_type,"1",,timestamp,"1147264755",s,position_lat,"608384236",semicircles,position_long,"69761745",semicircles,distance,"199.5",m,heart_rate,"79",bpm,altitude,"46.0",m,speed,"3.461",m/s,cadence,"94",rpm,power,"232",watts,accumulated_power,"12959",watts,step_length,"1100.0",mm,enhanced_altitude,"46.0",m,enhanced_speed,"3.461",m/s,Effort Pace,"3.608",m/s,
Data,9,record,activity_type,"1",,timestamp,"1147264756",s,position_lat,"608383949",semicircles,position_long,"69761371",semicircles,distance,"203.0",m,heart_rate,"79",bpm,altitude,"46.0",m,speed,"3.469",m/s,cadence,"94",rpm,power,"234",watts,accumulated_power,"13193",watts,step_length,"1110.0",mm,enhanced_altitude,"46.0",m,enhanced_speed,"3.469",m/s,Effort Pace,"3.613",m/s,
Data,9,record,activity_type,"1",,timestamp,"1147264757",s,position_lat,"608383662",semicircles,position_long,"69760998",semicircles,distance,"206.0",m,heart_rate,"79",bpm,altitude,"46.0",m,speed,"3.472",m/s,cadence,"93",rpm,power,"234",watts,accumulated_power,"13427",watts,step_length,"1110.0",mm,enhanced_altitude,"46.0",m,enhanced_speed,"3.472",m/s,Effort Pace,"3.619",m/s,
Data,9,record,activity_type,"1",,timestamp,"1147264758",s,position_lat,"608383375",semicircles,position_long,"69760638",semicircles,distance,"209.0",m,heart_rate,"80",bpm,altitude,"46.0",m,speed,"3.475",m/s,cadence,"93",rpm,power,"235",watts,accumulated_power,"13662",watts,step_length,"1110.0",mm,enhanced_altitude,"46.0",m,enhanced_speed,"3.475",m/s,Effort Pace,"3.625",m/s,
Data,9,record,activity_type,"1",,timestamp,"1147264759",s,position_lat,"608383087",semicircles,position_long,"69760279",semicircles,distance,"212.5",m,heart_rate,"81",bpm,altitude,"46.0",m,speed,"3.464",m/s,cadence,"93",rpm,power,"235",watts,accumulated_power,"13897",watts,step_length,"1110.0",mm,enhanced_altitude,"46.0",m,enhanced_speed,"3.464",m/s,Effort Pace,"3.613",m/s,
Data,9,record,activity_type,"1",,timestamp,"1147264760",s,position_lat,"608382808",semicircles,position_long,"69759929",semicircles,distance,"216.0",m,heart_rate,"83",bpm,altitude,"46.0",m,speed,"3.456",m/s,cadence,"93",rpm,power,"236",watts,accumulated_power,"14133",watts,step_length,"1110.0",mm,enhanced_altitude,"46.0",m,enhanced_speed,"3.456",m/s,Effort Pace,"3.602",m/s,
Data,9,record,activity_type,"1",,timestamp,"1147264761",s,position_lat,"608382529",semicircles,position_long,"69759581",semicircles,distance,"219.0",m,heart_rate,"84",bpm,altitude,"46.0",m,speed,"3.439",m/s,cadence,"93",rpm,power,"235",watts,accumulated_power,"14368",watts,step_length,"1100.0",mm,enhanced_altitude,"46.0",m,enhanced_speed,"3.439",m/s,Effort Pace,"3.511",m/s,
Data,9,record,activity_type,"1",,timestamp,"1147264762",s,position_lat,"608382257",semicircles,position_long,"69759233",semicircles,distance,"222.0",m,heart_rate,"85",bpm,altitude,"46.0",m,speed,"3.422",m/s,cadence,"93",rpm,power,"234",watts,accumulated_power,"14602",watts,step_length,"1100.0",mm,enhanced_altitude,"46.0",m,enhanced_speed,"3.422",m/s,Effort Pace,"3.422",m/s,
Data,9,record,activity_type,"1",,timestamp,"1147264763",s,position_lat,"608381986",semicircles,position_long,"69758886",semicircles,distance,"225.5",m,heart_rate,"87",bpm,altitude,"46.0",m,speed,"3.417",m/s,cadence,"93",rpm,power,"233",watts,accumulated_power,"14835",watts,step_length,"1100.0",mm,enhanced_altitude,"46.0",m,enhanced_speed,"3.417",m/s,Effort Pace,"3.416",m/s,
Data,9,record,activity_type,"1",,timestamp,"1147264764",s,position_lat,"608381721",semicircles,position_long,"69758538",semicircles,distance,"229.0",m,heart_rate,"89",bpm,altitude,"46.0",m,speed,"3.411",m/s,cadence,"93",rpm,power,"232",watts,accumulated_power,"15067",watts,step_length,"1100.0",mm,enhanced_altitude,"46.0",m,enhanced_speed,"3.411",m/s,Effort Pace,"3.411",m/s,
Data,9,record,activity_type,"1",,timestamp,"1147264765",s,position_lat,"608381458",semicircles,position_long,"69758190",semicircles,distance,"232.0",m,heart_rate,"89",bpm,altitude,"46.0",m,speed,"3.406",m/s,cadence,"93",rpm,power,"226",watts,accumulated_power,"15293",watts,step_length,"1100.0",mm,enhanced_altitude,"46.0",m,enhanced_speed,"3.406",m/s,Effort Pace,"3.405",m/s,
Data,9,record,activity_type,"1",,timestamp,"1147264766",s,position_lat,"608381205",semicircles,position_long,"69757834",semicircles,distance,"235.0",m,heart_rate,"91",bpm,altitude,"46.0",m,speed,"3.4",m/s,cadence,"93",rpm,power,"221",watts,accumulated_power,"15514",watts,step_length,"1100.0",mm,enhanced_altitude,"46.0",m,enhanced_speed,"3.4",m/s,Effort Pace,"3.399",m/s,
Data,9,record,activity_type,"1",,timestamp,"1147264767",s,position_lat,"608380952",semicircles,position_long,"69757478",semicircles,distance,"238.0",m,heart_rate,"92",bpm,altitude,"46.0",m,speed,"3.383",m/s,cadence,"92",rpm,power,"220",watts,accumulated_power,"15734",watts,step_length,"1090.0",mm,enhanced_altitude,"46.0",m,enhanced_speed,"3.383",m/s,Effort Pace,"3.383",m/s,
Data,9,record,activity_type,"1",,timestamp,"1147264768",s,position_lat,"608380702",semicircles,position_long,"69757128",semicircles,distance,"241.0",m,heart_rate,"93",bpm,altitude,"46.0",m,speed,"3.367",m/s,cadence,"92",rpm,power,"220",watts,accumulated_power,"15954",watts,step_length,"1090.0",mm,enhanced_altitude,"46.0",m,enhanced_speed,"3.367",m/s,Effort Pace,"3.366",m/s,
Data,9,record,activity_type,"1",,timestamp,"1147264769",s,position_lat,"608380454",semicircles,position_long,"69756777",semicircles,distance,"244.0",m,heart_rate,"95",bpm,altitude,"47.0",m,speed,"3.336",m/s,cadence,"92",rpm,power,"219",watts,accumulated_power,"16173",watts,step_length,"1080.0",mm,enhanced_altitude,"47.0",m,enhanced_speed,"3.336",m/s,Effort Pace,"3.336",m/s,
Data,9,record,activity_type,"1",,timestamp,"1147264770",s,position_lat,"608380201",semicircles,position_long,"69756446",semicircles,distance,"247.0",m,heart_rate,"98",bpm,altitude,"47.0",m,speed,"3.306",m/s,cadence,"91",rpm,power,"218",watts,accumulated_power,"16391",watts,step_length,"1080.0",mm,enhanced_altitude,"47.0",m,enhanced_speed,"3.306",m/s,Effort Pace,"3.305",m/s,
Data,9,record,activity_type,"1",,timestamp,"1147264771",s,position_lat,"608379950",semicircles,position_long,"69756116",semicircles,distance,"250.0",m,heart_rate,"100",bpm,altitude,"47.0",m,speed,"3.275",m/s,cadence,"91",rpm,power,"216",watts,accumulated_power,"16607",watts,step_length,"1070.0",mm,enhanced_altitude,"47.0",m,enhanced_speed,"3.275",m/s,Effort Pace,"3.274",m/s,
Data,9,record,activity_type,"1",,timestamp,"1147264772",s,position_lat,"608379699",semicircles,position_long,"69755797",semicircles,distance,"253.0",m,heart_rate,"102",bpm,altitude,"47.0",m,speed,"3.247",m/s,cadence,"91",rpm,power,"214",watts,accumulated_power,"16821",watts,step_length,"1070.0",mm,enhanced_altitude,"47.0",m,enhanced_speed,"3.247",m/s,Effort Pace,"3.247",m/s,
Data,9,record,activity_type,"1",,timestamp,"1147264773",s,position_lat,"608379450",semicircles,position_long,"69755480",semicircles,distance,"255.5",m,heart_rate,"108",bpm,altitude,"47.0",m,speed,"3.244",m/s,cadence,"91",rpm,power,"212",watts,accumulated_power,"17033",watts,step_length,"1060.0",mm,enhanced_altitude,"47.0",m,enhanced_speed,"3.244",m/s,Effort Pace,"3.244",m/s,
Data,9,record,activity_type,"1",,timestamp,"1147264774",s,position_lat,"608379198",semicircles,position_long,"69755156",semicircles,distance,"258.0",m,heart_rate,"111",bpm,altitude,"47.0",m,speed,"3.242",m/s,cadence,"92",rpm,power,"210",watts,accumulated_power,"17243",watts,step_length,"1060.0",mm,enhanced_altitude,"47.0",m,enhanced_speed,"3.242",m/s,Effort Pace,"3.241",m/s,
Data,9,record,activity_type,"1",,timestamp,"1147264775",s,position_lat,"608378947",semicircles,position_long,"69754832",semicircles,distance,"261.0",m,heart_rate,"113",bpm,altitude,"47.0",m,speed,"3.25",m/s,cadence,"92",rpm,power,"210",watts,accumulated_power,"17453",watts,step_length,"1060.0",mm,enhanced_altitude,"47.0",m,enhanced_speed,"3.25",m/s,Effort Pace,"3.249",m/s,
Data,9,record,activity_type,"1",,timestamp,"1147264776",s,position_lat,"608378702",semicircles,position_long,"69754521",semicircles,distance,"264.0",m,heart_rate,"115",bpm,altitude,"47.0",m,speed,"3.258",m/s,cadence,"92",rpm,power,"210",watts,accumulated_power,"17663",watts,step_length,"1060.0",mm,enhanced_altitude,"47.0",m,enhanced_speed,"3.258",m/s,Effort Pace,"3.258",m/s,
Data,9,record,activity_type,"1",,timestamp,"1147264777",s,position_lat,"608378457",semicircles,position_long,"69754210",semicircles,distance,"267.0",m,heart_rate,"117",bpm,altitude,"47.0",m,speed,"3.264",m/s,cadence,"92",rpm,power,"210",watts,accumulated_power,"17873",watts,step_length,"1060.0",mm,enhanced_altitude,"47.0",m,enhanced_speed,"3.264",m/s,Effort Pace,"3.263",m/s,
Data,9,record,activity_type,"1",,timestamp,"1147264778",s,position_lat,"608378205",semicircles,position_long,"69753915",semicircles,distance,"270.0",m,heart_rate,"119",bpm,altitude,"47.0",m,speed,"3.272",m/s,cadence,"92",rpm,power,"211",watts,accumulated_power,"18084",watts,step_length,"1060.0",mm,enhanced_altitude,"47.0",m,enhanced_speed,"3.272",m/s,Effort Pace,"3.272",m/s,
Data,9,record,activity_type,"1",,timestamp,"1147264779",s,position_lat,"608377954",semicircles,position_long,"69753621",semicircles,distance,"273.0",m,heart_rate,"121",bpm,altitude,"47.0",m,speed,"3.267",m/s,cadence,"92",rpm,power,"211",watts,accumulated_power,"18295",watts,step_length,"1060.0",mm,enhanced_altitude,"47.0",m,enhanced_speed,"3.267",m/s,Effort Pace,"3.266",m/s,
Data,9,record,activity_type,"1",,timestamp,"1147264780",s,position_lat,"608377706",semicircles,position_long,"69753327",semicircles,distance,"276.0",m,heart_rate,"121",bpm,altitude,"47.0",m,speed,"3.264",m/s,cadence,"92",rpm,power,"212",watts,accumulated_power,"18507",watts,step_length,"1060.0",mm,enhanced_altitude,"47.0",m,enhanced_speed,"3.264",m/s,Effort Pace,"3.263",m/s,
Data,9,record,activity_type,"1",,timestamp,"1147264781",s,position_lat,"608377459",semicircles,position_long,"69753032",semicircles,distance,"279.0",m,heart_rate,"122",bpm,altitude,"47.0",m,speed,"3.247",m/s,cadence,"92",rpm,power,"211",watts,accumulated_power,"18718",watts,step_length,"1050.0",mm,enhanced_altitude,"47.0",m,enhanced_speed,"3.247",m/s,Effort Pace,"3.247",m/s,
Data,9,record,activity_type,"1",,timestamp,"1147264782",s,position_lat,"608377213",semicircles,position_long,"69752723",semicircles,distance,"282.0",m,heart_rate,"122",bpm,altitude,"47.0",m,speed,"3.231",m/s,cadence,"92",rpm,power,"211",watts,accumulated_power,"18929",watts,step_length,"1050.0",mm,enhanced_altitude,"47.0",m,enhanced_speed,"3.231",m/s,Effort Pace,"3.23",m/s,
Data,9,record,activity_type,"1",,timestamp,"1147264783",s,position_lat,"608376968",semicircles,position_long,"69752414",semicircles,distance,"285.0",m,heart_rate,"122",bpm,altitude,"47.0",m,speed,"3.222",m/s,cadence,"92",rpm,power,"210",watts,accumulated_power,"19139",watts,step_length,"1050.0",mm,enhanced_altitude,"47.0",m,enhanced_speed,"3.222",m/s,Effort Pace,"3.222",m/s,
Data,9,record,activity_type,"1",,timestamp,"1147264784",s,position_lat,"608376726",semicircles,position_long,"69752095",semicircles,distance,"288.0",m,heart_rate,"123",bpm,altitude,"47.0",m,speed,"3.217",m/s,cadence,"92",rpm,power,"209",watts,accumulated_power,"19348",watts,step_length,"1050.0",mm,enhanced_altitude,"47.0",m,enhanced_speed,"3.217",m/s,Effort Pace,"3.216",m/s,
Data,9,record,activity_type,"1",,timestamp,"1147264785",s,position_lat,"608376485",semicircles,position_long,"69751778",semicircles,distance,"291.0",m,heart_rate,"124",bpm,altitude,"47.0",m,speed,"3.211",m/s,cadence,"92",rpm,power,"208",watts,accumulated_power,"19556",watts,step_length,"1050.0",mm,enhanced_altitude,"47.0",m,enhanced_speed,"3.211",m/s,Effort Pace,"3.211",m/s,
Data,9,record,activity_type,"1",,timestamp,"1147264786",s,position_lat,"608376249",semicircles,position_long,"69751455",semicircles,distance,"294.0",m,heart_rate,"125",bpm,altitude,"47.0",m,speed,"3.208",m/s,cadence,"92",rpm,power,"208",watts,accumulated_power,"19764",watts,step_length,"1050.0",mm,enhanced_altitude,"47.0",m,enhanced_speed,"3.208",m/s,Effort Pace,"3.208",m/s,
Data,9,record,activity_type,"1",,timestamp,"1147264787",s,position_lat,"608376013",semicircles,position_long,"69751131",semicircles,distance,"297.0",m,heart_rate,"125",bpm,altitude,"47.0",m,speed,"3.206",m/s,cadence,"92",rpm,power,"208",watts,accumulated_power,"19972",watts,step_length,"1040.0",mm,enhanced_altitude,"47.0",m,enhanced_speed,"3.206",m/s,Effort Pace,"3.202",m/s,
Data,9,record,activity_type,"1",,timestamp,"1147264788",s,position_lat,"608375768",semicircles,position_long,"69750800",semicircles,distance,"300.0",m,heart_rate,"125",bpm,altitude,"47.0",m,speed,"3.203",m/s,cadence,"92",rpm,power,"208",watts,accumulated_power,"20180",watts,step_length,"1040.0",mm,enhanced_altitude,"47.0",m,enhanced_speed,"3.203",m/s,Effort Pace,"3.2",m/s,
Data,9,record,activity_type,"1",,timestamp,"1147264789",s,position_lat,"608375525",semicircles,position_long,"69750468",semicircles,distance,"303.0",m,heart_rate,"125",bpm,altitude,"47.0",m,speed,"3.2",m/s,cadence,"92",rpm,power,"207",watts,accumulated_power,"20387",watts,step_length,"1040.0",mm,enhanced_altitude,"47.0",m,enhanced_speed,"3.2",m/s,Effort Pace,"3.2",m/s,
Data,9,record,activity_type,"1",,timestamp,"1147264790",s,position_lat,"608375262",semicircles,position_long,"69750146",semicircles,distance,"306.0",m,heart_rate,"126",bpm,altitude,"47.0",m,speed,"3.2",m/s,cadence,"92",rpm,power,"207",watts,accumulated_power,"20594",watts,step_length,"1040.0",mm,enhanced_altitude,"47.0",m,enhanced_speed,"3.2",m/s,Effort Pace,"3.2",m/s,
Data,9,record,activity_type,"1",,timestamp,"1147264791",s,position_lat,"608375000",semicircles,position_long,"69749825",semicircles,distance,"309.0",m,heart_rate,"126",bpm,altitude,"47.0",m,speed,"3.211",m/s,cadence,"92",rpm,power,"207",watts,accumulated_power,"20801",watts,step_length,"1040.0",mm,enhanced_altitude,"47.0",m,enhanced_speed,"3.211",m/s,Effort Pace,"3.211",m/s,
Data,9,record,activity_type,"1",,timestamp,"1147264792",s,position_lat,"608374734",semicircles,position_long,"69749517",semicircles,distance,"312.0",m,heart_rate,"125",bpm,altitude,"47.0",m,speed,"3.222",m/s,cadence,"92",rpm,power,"207",watts,accumulated_power,"21008",watts,step_length,"1050.0",mm,enhanced_altitude,"47.0",m,enhanced_speed,"3.222",m/s,Effort Pace,"3.222",m/s,
Data,9,record,activity_type,"1",,timestamp,"1147264793",s,position_lat,"608374469",semicircles,position_long,"69749209",semicircles,distance,"315.0",m,heart_rate,"125",bpm,altitude,"47.0",m,speed,"3.228",m/s,cadence,"93",rpm,power,"207",watts,accumulated_power,"21215",watts,step_length,"1040.0",mm,enhanced_altitude,"47.0",m,enhanced_speed,"3.228",m/s,Effort Pace,"3.227",m/s,
Data,9,record,activity_type,"1",,timestamp,"1147264794",s,position_lat,"608374211",semicircles,position_long,"69748905",semicircles,distance,"318.0",m,heart_rate,"125",bpm,altitude,"47.0",m,speed,"3.233",m/s,cadence,"93",rpm,power,"208",watts,accumulated_power,"21423",watts,step_length,"1040.0",mm,enhanced_altitude,"47.0",m,enhanced_speed,"3.233",m/s,Effort Pace,"3.233",m/s,
Data,9,record,activity_type,"1",,timestamp,"1147264795",s,position_lat,"608373955",semicircles,position_long,"69748601",semicircles,distance,"321.0",m,heart_rate,"125",bpm,altitude,"47.0",m,speed,"3.242",m/s,cadence,"93",rpm,power,"208",watts,accumulated_power,"21631",watts,step_length,"1040.0",mm,enhanced_altitude,"47.0",m,enhanced_speed,"3.242",m/s,Effort Pace,"3.241",m/s,
Data,9,record,activity_type,"1",,timestamp,"1147264796",s,position_lat,"608373700",semicircles,position_long,"69748290",semicircles,distance,"324.0",m,heart_rate,"127",bpm,altitude,"47.0",m,speed,"3.25",m/s,cadence,"93",rpm,power,"209",watts,accumulated_power,"21840",watts,step_length,"1040.0",mm,enhanced_altitude,"47.0",m,enhanced_speed,"3.25",m/s,Effort Pace,"3.249",m/s,
Data,9,record,activity_type,"1",,timestamp,"1147264797",s,position_lat,"608373446",semicircles,position_long,"69747979",semicircles,distance,"326.5",m,heart_rate,"128",bpm,altitude,"47.0",m,speed,"3.242",m/s,cadence,"93",rpm,power,"209",watts,accumulated_power,"22049",watts,step_length,"1040.0",mm,enhanced_altitude,"47.0",m,enhanced_speed,"3.242",m/s,Effort Pace,"3.241",m/s,
Data,9,record,activity_type,"1",,timestamp,"1147264798",s,position_lat,"608373212",semicircles,position_long,"69747648",semicircles,distance,"329.0",m,heart_rate,"128",bpm,altitude,"47.0",m,speed,"3.236",m/s,cadence,"93",rpm,power,"210",watts,accumulated_power,"22259",watts,step_length,"1040.0",mm,enhanced_altitude,"47.0",m,enhanced_speed,"3.236",m/s,Effort Pace,"3.236",m/s,
Data,9,record,activity_type,"1",,timestamp,"1147264799",s,position_lat,"608372979",semicircles,position_long,"69747317",semicircles,distance,"332.5",m,heart_rate,"128",bpm,altitude,"47.0",m,speed,"3.203",m/s,cadence,"92",rpm,power,"210",watts,accumulated_power,"22469",watts,step_length,"1030.0",mm,enhanced_altitude,"47.0",m,enhanced_speed,"3.203",m/s,Effort Pace,"3.202",m/s,
Data,9,record,activity_type,"1",,timestamp,"1147264800",s,position_lat,"608372781",semicircles,position_long,"69746958",semicircles,distance,"336.0",m,heart_rate,"127",bpm,altitude,"47.0",m,speed,"3.172",m/s,cadence,"92",rpm,power,"210",watts,accumulated_power,"22679",watts,step_length,"1030.0",mm,enhanced_altitude,"47.0",m,enhanced_speed,"3.172",m/s,Effort Pace,"3.172",m/s,
Data,9,record,activity_type,"1",,timestamp,"1147264801",s,position_lat,"608372584",semicircles,position_long,"69746600",semicircles,distance,"338.5",m,heart_rate,"127",bpm,altitude,"47.0",m,speed,"3.153",m/s,cadence,"92",rpm,power,"207",watts,accumulated_power,"22886",watts,step_length,"1020.0",mm,enhanced_altitude,"47.0",m,enhanced_speed,"3.153",m/s,Effort Pace,"3.152",m/s,
Data,9,record,activity_type,"1",,timestamp,"1147264802",s,position_lat,"608372398",semicircles,position_long,"69746197",semicircles,distance,"341.0",m,heart_rate,"127",bpm,altitude,"47.0",m,speed,"3.136",m/s,cadence,"92",rpm,power,"205",watts,accumulated_power,"23091",watts,step_length,"1020.0",mm,enhanced_altitude,"47.0",m,enhanced_speed,"3.136",m/s,Effort Pace,"3.136",m/s,
Data,9,record,activity_type,"1",,timestamp,"1147264803",s,position_lat,"608372213",semicircles,position_long,"69745794",semicircles,distance,"343.5",m,heart_rate,"128",bpm,altitude,"47.0",m,speed,"3.128",m/s,cadence,"92",rpm,power,"204",watts,accumulated_power,"23295",watts,step_length,"1010.0",mm,enhanced_altitude,"47.0",m,enhanced_speed,"3.128",m/s,Effort Pace,"3.127",m/s,
Data,9,record,activity_type,"1",,timestamp,"1147264804",s,position_lat,"608372043",semicircles,position_long,"69745385",semicircles,distance,"346.0",m,heart_rate,"128",bpm,altitude,"47.0",m,speed,"3.119",m/s,cadence,"92",rpm,power,"203",watts,accumulated_power,"23498",watts,step_length,"1010.0",mm,enhanced_altitude,"47.0",m,enhanced_speed,"3.119",m/s,Effort Pace,"3.119",m/s,
Data,9,record,activity_type,"1",,timestamp,"1147264805",s,position_lat,"608371875",semicircles,position_long,"69744977",semicircles,distance,"348.0",m,heart_rate,"128",bpm,altitude,"47.0",m,speed,"3.083",m/s,cadence,"91",rpm,power,"202",watts,accumulated_power,"23700",watts,step_length,"1010.0",mm,enhanced_altitude,"47.0",m,enhanced_speed,"3.083",m/s,Effort Pace,"3.083",m/s,
Data,9,record,activity_type,"1",,timestamp,"1147264806",s,position_lat,"608371719",semicircles,position_long,"69744589",semicircles,distance,"350.0",m,heart_rate,"128",bpm,altitude,"47.0",m,speed,"3.047",m/s,cadence,"90",rpm,power,"202",watts,accumulated_power,"23902",watts,step_length,"1010.0",mm,enhanced_altitude,"47.0",m,enhanced_speed,"3.047",m/s,Effort Pace,"3.047",m/s,
Data,9,record,activity_type,"1",,timestamp,"1147264807",s,position_lat,"608371563",semicircles,position_long,"69744202",semicircles,distance,"351.0",m,heart_rate,"128",bpm,altitude,"47.0",m,speed,"2.994",m/s,cadence,"90",rpm,power,"199",watts,accumulated_power,"24101",watts,step_length,"1000.0",mm,enhanced_altitude,"47.0",m,enhanced_speed,"2.994",m/s,Effort Pace,"2.994",m/s,
Data,9,record,activity_type,"1",,timestamp,"1147264808",s,position_lat,"608371427",semicircles,position_long,"69743838",semicircles,distance,"352.0",m,heart_rate,"128",bpm,altitude,"47.0",m,speed,"2.942",m/s,cadence,"89",rpm,power,"197",watts,accumulated_power,"24298",watts,step_length,"990.0",mm,enhanced_altitude,"47.0",m,enhanced_speed,"2.942",m/s,Effort Pace,"2.941",m/s,
Data,9,record,activity_type,"1",,timestamp,"1147264809",s,position_lat,"608371290",semicircles,position_long,"69743474",semicircles,distance,"352.0",m,heart_rate,"128",bpm,altitude,"47.0",m,speed,"2.944",m/s,cadence,"89",rpm,power,"193",watts,accumulated_power,"24491",watts,step_length,"990.0",mm,enhanced_altitude,"47.0",m,enhanced_speed,"2.944",m/s,Effort Pace,"2.944",m/s,
Data,9,record,activity_type,"1",,timestamp,"1147264810",s,position_lat,"608371156",semicircles,position_long,"69743112",semicircles,distance,"352.0",m,heart_rate,"128",bpm,altitude,"47.0",m,speed,"2.947",m/s,cadence,"89",rpm,power,"190",watts,accumulated_power,"24681",watts,step_length,"990.0",mm,enhanced_altitude,"47.0",m,enhanced_speed,"2.947",m/s,Effort Pace,"2.947",m/s,
Data,9,record,activity_type,"1",,timestamp,"1147264811",s,distance,"352.0",m,heart_rate,"127",bpm,altitude,"47.0",m,speed,"2.947",m/s,cadence,"89",rpm,power,"190",watts,accumulated_power,"24871",watts,step_length,"990.0",mm,enhanced_altitude,"47.0",m,enhanced_speed,"2.947",m/s,Effort Pace,"2.947",m/s,,,,,,,
Data,9,record,activity_type,"1",,timestamp,"1147264812",s,distance,"352.0",m,heart_rate,"127",bpm,altitude,"47.0",m,speed,"2.95",m/s,cadence,"89",rpm,power,"191",watts,accumulated_power,"25062",watts,step_length,"990.0",mm,enhanced_altitude,"47.0",m,enhanced_speed,"2.95",m/s,Effort Pace,"2.949",m/s,,,,,,,
Data,9,record,activity_type,"1",,timestamp,"1147264813",s,distance,"352.0",m,heart_rate,"127",bpm,altitude,"47.0",m,speed,"1.475",m/s,cadence,"89",rpm,power,"191",watts,accumulated_power,"25253",watts,step_length,"490.0",mm,enhanced_altitude,"47.0",m,enhanced_speed,"1.475",m/s,Effort Pace,"1.474",m/s,,,,,,,
Data,9,record,activity_type,"1",,timestamp,"1147264814",s,distance,"352.0",m,heart_rate,"128",bpm,altitude,"47.0",m,speed,"0.0",m/s,cadence,"89",rpm,power,"191",watts,accumulated_power,"25444",watts,step_length,"0.0",mm,enhanced_altitude,"47.0",m,enhanced_speed,"0.0",m/s,Effort Pace,"0.0",m/s,,,,,,,
Data,9,record,activity_type,"1",,timestamp,"1147264815",s,distance,"352.0",m,heart_rate,"128",bpm,altitude,"47.0",m,speed,"0.0",m/s,cadence,"89",rpm,power,"95",watts,accumulated_power,"25539",watts,step_length,"0.0",mm,enhanced_altitude,"47.0",m,enhanced_speed,"0.0",m/s,Effort Pace,"0.0",m/s,,,,,,,
Data,9,record,activity_type,"1",,timestamp,"1147264816",s,distance,"352.0",m,heart_rate,"127",bpm,altitude,"47.0",m,speed,"0.0",m/s,cadence,"89",rpm,power,"0",watts,accumulated_power,"25539",watts,step_length,"0.0",mm,enhanced_altitude,"47.0",m,enhanced_speed,"0.0",m/s,Effort Pace,"0.0",m/s,,,,,,,
Data,9,record,activity_type,"1",,timestamp,"1147264817",s,distance,"352.0",m,heart_rate,"126",bpm,altitude,"47.0",m,speed,"0.0",m/s,cadence,"89",rpm,power,"0",watts,accumulated_power,"25539",watts,step_length,"0.0",mm,enhanced_altitude,"47.0",m,enhanced_speed,"0.0",m/s,Effort Pace,"0.0",m/s,,,,,,,
Data,9,record,activity_type,"1",,timestamp,"1147264818",s,distance,"352.0",m,heart_rate,"125",bpm,altitude,"47.0",m,speed,"0.0",m/s,cadence,"89",rpm,power,"0",watts,accumulated_power,"25539",watts,step_length,"0.0",mm,enhanced_altitude,"47.0",m,enhanced_speed,"0.0",m/s,Effort Pace,"0.0",m/s,,,,,,,
Data,9,record,activity_type,"1",,timestamp,"1147264819",s,distance,"352.0",m,heart_rate,"123",bpm,altitude,"48.0",m,speed,"0.0",m/s,cadence,"89",rpm,power,"0",watts,accumulated_power,"25539",watts,step_length,"0.0",mm,enhanced_altitude,"48.0",m,enhanced_speed,"0.0",m/s,Effort Pace,"0.0",m/s,,,,,,,
Data,9,record,activity_type,"1",,timestamp,"1147264820",s,distance,"352.0",m,heart_rate,"123",bpm,altitude,"48.0",m,speed,"0.0",m/s,cadence,"89",rpm,power,"0",watts,accumulated_power,"25539",watts,step_length,"0.0",mm,enhanced_altitude,"48.0",m,enhanced_speed,"0.0",m/s,Effort Pace,"0.0",m/s,,,,,,,
Data,9,record,activity_type,"1",,timestamp,"1147264821",s,distance,"352.0",m,heart_rate,"123",bpm,altitude,"48.0",m,speed,"0.0",m/s,cadence,"89",rpm,power,"0",watts,accumulated_power,"25539",watts,step_length,"0.0",mm,enhanced_altitude,"48.0",m,enhanced_speed,"0.0",m/s,Effort Pace,"0.0",m/s,,,,,,,
Data,9,record,activity_type,"1",,timestamp,"1147264822",s,distance,"352.0",m,heart_rate,"122",bpm,altitude,"48.0",m,speed,"0.0",m/s,cadence,"89",rpm,power,"0",watts,accumulated_power,"25539",watts,step_length,"0.0",mm,enhanced_altitude,"48.0",m,enhanced_speed,"0.0",m/s,Effort Pace,"0.0",m/s,,,,,,,
Data,9,record,activity_type,"1",,timestamp,"1147264823",s,distance,"352.0",m,heart_rate,"122",bpm,altitude,"48.0",m,speed,"0.0",m/s,cadence,"89",rpm,power,"0",watts,accumulated_power,"25539",watts,step_length,"0.0",mm,enhanced_altitude,"48.0",m,enhanced_speed,"0.0",m/s,Effort Pace,"0.0",m/s,,,,,,,
Data,9,record,activity_type,"1",,timestamp,"1147264824",s,distance,"352.0",m,heart_rate,"121",bpm,altitude,"48.0",m,speed,"0.0",m/s,cadence,"89",rpm,power,"0",watts,accumulated_power,"25539",watts,step_length,"0.0",mm,enhanced_altitude,"48.0",m,enhanced_speed,"0.0",m/s,Effort Pace,"0.0",m/s,,,,,,,
Data,9,record,activity_type,"1",,timestamp,"1147264825",s,distance,"352.0",m,heart_rate,"118",bpm,altitude,"47.0",m,speed,"0.0",m/s,cadence,"89",rpm,power,"0",watts,accumulated_power,"25539",watts,step_length,"0.0",mm,enhanced_altitude,"47.0",m,enhanced_speed,"0.0",m/s,Effort Pace,"0.0",m/s,,,,,,,
Data,9,record,activity_type,"1",,timestamp,"1147264826",s,distance,"352.0",m,heart_rate,"117",bpm,altitude,"47.0",m,speed,"0.0",m/s,cadence,"89",rpm,power,"0",watts,accumulated_power,"25539",watts,step_length,"0.0",mm,enhanced_altitude,"47.0",m,enhanced_speed,"0.0",m/s,Effort Pace,"0.0",m/s,,,,,,,
Data,9,record,activity_type,"1",,timestamp,"1147264827",s,distance,"352.0",m,heart_rate,"117",bpm,altitude,"47.0",m,speed,"0.0",m/s,cadence,"44",rpm,power,"0",watts,accumulated_power,"25539",watts,step_length,"0.0",mm,enhanced_altitude,"47.0",m,enhanced_speed,"0.0",m/s,Effort Pace,"0.0",m/s,,,,,,,
Data,9,record,activity_type,"1",,timestamp,"1147264828",s,distance,"352.0",m,heart_rate,"117",bpm,altitude,"47.0",m,speed,"0.0",m/s,cadence,"0",rpm,power,"0",watts,accumulated_power,"25539",watts,step_length,"0.0",mm,enhanced_altitude,"47.0",m,enhanced_speed,"0.0",m/s,Effort Pace,"0.0",m/s,,,,,,,
Data,9,record,activity_type,"1",,timestamp,"1147264829",s,distance,"352.0",m,heart_rate,"117",bpm,altitude,"47.0",m,speed,"0.0",m/s,cadence,"0",rpm,power,"0",watts,accumulated_power,"25539",watts,step_length,"0.0",mm,enhanced_altitude,"47.0",m,enhanced_speed,"0.0",m/s,Effort Pace,"0.0",m/s,,,,,,,
Data,9,record,activity_type,"1",,timestamp,"1147264830",s,distance,"352.0",m,heart_rate,"117",bpm,altitude,"47.0",m,speed,"0.0",m/s,cadence,"0",rpm,power,"0",watts,accumulated_power,"25539",watts,step_length,"0.0",mm,enhanced_altitude,"47.0",m,enhanced_speed,"0.0",m/s,Effort Pace,"0.0",m/s,,,,,,,
Data,9,record,activity_type,"1",,timestamp,"1147264831",s,distance,"352.0",m,heart_rate,"117",bpm,altitude,"47.0",m,speed,"0.0",m/s,cadence,"0",rpm,power,"0",watts,accumulated_power,"25539",watts,step_length,"0.0",mm,enhanced_altitude,"47.0",m,enhanced_speed,"0.0",m/s,Effort Pace,"0.0",m/s,,,,,,,
Data,9,record,activity_type,"1",,timestamp,"1147264832",s,distance,"352.0",m,heart_rate,"116",bpm,altitude,"47.0",m,speed,"0.0",m/s,cadence,"0",rpm,power,"0",watts,accumulated_power,"25539",watts,step_length,"0.0",mm,enhanced_altitude,"47.0",m,enhanced_speed,"0.0",m/s,Effort Pace,"0.0",m/s,,,,,,,
Data,9,record,activity_type,"1",,timestamp,"1147264833",s,distance,"352.0",m,heart_rate,"115",bpm,altitude,"47.0",m,speed,"0.0",m/s,cadence,"0",rpm,power,"0",watts,accumulated_power,"25539",watts,step_length,"0.0",mm,enhanced_altitude,"47.0",m,enhanced_speed,"0.0",m/s,Effort Pace,"0.0",m/s,,,,,,,
Data,9,record,activity_type,"1",,timestamp,"1147264834",s,distance,"352.0",m,heart_rate,"113",bpm,altitude,"47.0",m,speed,"0.0",m/s,cadence,"0",rpm,power,"0",watts,accumulated_power,"25539",watts,step_length,"0.0",mm,enhanced_altitude,"47.0",m,enhanced_speed,"0.0",m/s,Effort Pace,"0.0",m/s,,,,,,,
Data,9,record,activity_type,"1",,timestamp,"1147264835",s,distance,"352.0",m,heart_rate,"113",bpm,altitude,"47.0",m,speed,"0.0",m/s,cadence,"0",rpm,power,"0",watts,accumulated_power,"25539",watts,step_length,"0.0",mm,enhanced_altitude,"47.0",m,enhanced_speed,"0.0",m/s,Effort Pace,"0.0",m/s,,,,,,,
Data,9,record,activity_type,"1",,timestamp,"1147264836",s,distance,"352.0",m,heart_rate,"112",bpm,altitude,"47.0",m,speed,"0.0",m/s,cadence,"0",rpm,power,"0",watts,accumulated_power,"25539",watts,step_length,"0.0",mm,enhanced_altitude,"47.0",m,enhanced_speed,"0.0",m/s,Effort Pace,"0.0",m/s,,,,,,,
Data,9,record,activity_type,"1",,timestamp,"1147264837",s,distance,"352.0",m,heart_rate,"111",bpm,altitude,"47.0",m,speed,"0.0",m/s,cadence,"0",rpm,power,"0",watts,accumulated_power,"25539",watts,step_length,"0.0",mm,enhanced_altitude,"47.0",m,enhanced_speed,"0.0",m/s,Effort Pace,"0.0",m/s,,,,,,,
Data,9,record,activity_type,"1",,timestamp,"1147264838",s,distance,"352.0",m,heart_rate,"109",bpm,altitude,"47.0",m,speed,"0.0",m/s,cadence,"0",rpm,power,"0",watts,accumulated_power,"25539",watts,step_length,"0.0",mm,enhanced_altitude,"47.0",m,enhanced_speed,"0.0",m/s,Effort Pace,"0.0",m/s,,,,,,,
Data,9,record,activity_type,"1",,timestamp,"1147264839",s,distance,"352.0",m,heart_rate,"106",bpm,altitude,"47.0",m,speed,"0.0",m/s,cadence,"0",rpm,power,"0",watts,accumulated_power,"25539",watts,step_length,"0.0",mm,enhanced_altitude,"47.0",m,enhanced_speed,"0.0",m/s,Effort Pace,"0.0",m/s,,,,,,,
Data,9,record,activity_type,"1",,timestamp,"1147264840",s,distance,"352.0",m,heart_rate,"105",bpm,altitude,"47.0",m,speed,"0.0",m/s,cadence,"0",rpm,power,"0",watts,accumulated_power,"25539",watts,step_length,"0.0",mm,enhanced_altitude,"47.0",m,enhanced_speed,"0.0",m/s,Effort Pace,"0.0",m/s,,,,,,,
Data,9,record,activity_type,"1",,timestamp,"1147264841",s,distance,"352.0",m,heart_rate,"104",bpm,altitude,"47.0",m,speed,"0.0",m/s,cadence,"0",rpm,power,"0",watts,accumulated_power,"25539",watts,step_length,"0.0",mm,enhanced_altitude,"47.0",m,enhanced_speed,"0.0",m/s,Effort Pace,"0.0",m/s,,,,,,,
Data,9,record,activity_type,"1",,timestamp,"1147264842",s,distance,"352.0",m,heart_rate,"103",bpm,altitude,"47.0",m,speed,"0.0",m/s,cadence,"0",rpm,power,"0",watts,accumulated_power,"25539",watts,step_length,"0.0",mm,enhanced_altitude,"47.0",m,enhanced_speed,"0.0",m/s,Effort Pace,"0.0",m/s,,,,,,,
Data,9,record,activity_type,"1",,timestamp,"1147264843",s,distance,"352.0",m,heart_rate,"100",bpm,altitude,"47.0",m,speed,"0.0",m/s,cadence,"0",rpm,power,"0",watts,accumulated_power,"25539",watts,step_length,"0.0",mm,enhanced_altitude,"47.0",m,enhanced_speed,"0.0",m/s,Effort Pace,"0.0",m/s,,,,,,,
Data,9,record,activity_type,"1",,timestamp,"1147264844",s,distance,"352.0",m,heart_rate,"99",bpm,altitude,"47.0",m,speed,"0.0",m/s,cadence,"0",rpm,power,"0",watts,accumulated_power,"25539",watts,step_length,"0.0",mm,enhanced_altitude,"47.0",m,enhanced_speed,"0.0",m/s,Effort Pace,"0.0",m/s,,,,,,,
Data,9,record,activity_type,"1",,timestamp,"1147264845",s,distance,"352.0",m,heart_rate,"98",bpm,altitude,"47.0",m,speed,"0.0",m/s,cadence,"0",rpm,power,"0",watts,accumulated_power,"25539",watts,step_length,"0.0",mm,enhanced_altitude,"47.0",m,enhanced_speed,"0.0",m/s,Effort Pace,"0.0",m/s,,,,,,,
Data,9,record,activity_type,"1",,timestamp,"1147264846",s,distance,"352.0",m,heart_rate,"97",bpm,altitude,"47.0",m,speed,"0.0",m/s,cadence,"0",rpm,power,"0",watts,accumulated_power,"25539",watts,step_length,"0.0",mm,enhanced_altitude,"47.0",m,enhanced_speed,"0.0",m/s,Effort Pace,"0.0",m/s,,,,,,,
Data,9,record,activity_type,"1",,timestamp,"1147264847",s,distance,"352.0",m,heart_rate,"97",bpm,altitude,"47.0",m,speed,"0.0",m/s,cadence,"0",rpm,power,"0",watts,accumulated_power,"25539",watts,step_length,"0.0",mm,enhanced_altitude,"47.0",m,enhanced_speed,"0.0",m/s,Effort Pace,"0.0",m/s,,,,,,,
Data,9,record,activity_type,"1",,timestamp,"1147264848",s,distance,"352.0",m,heart_rate,"97",bpm,altitude,"47.0",m,speed,"0.0",m/s,cadence,"0",rpm,power,"0",watts,accumulated_power,"25539",watts,step_length,"0.0",mm,enhanced_altitude,"47.0",m,enhanced_speed,"0.0",m/s,Effort Pace,"0.0",m/s,,,,,,,
Data,9,record,activity_type,"1",,timestamp,"1147264849",s,distance,"352.0",m,heart_rate,"97",bpm,altitude,"47.0",m,speed,"0.0",m/s,cadence,"0",rpm,power,"0",watts,accumulated_power,"25539",watts,step_length,"0.0",mm,enhanced_altitude,"47.0",m,enhanced_speed,"0.0",m/s,Effort Pace,"0.0",m/s,,,,,,,
Data,9,record,activity_type,"1",,timestamp,"1147264850",s,distance,"352.0",m,heart_rate,"96",bpm,altitude,"47.0",m,speed,"0.0",m/s,cadence,"0",rpm,power,"0",watts,accumulated_power,"25539",watts,step_length,"0.0",mm,enhanced_altitude,"47.0",m,enhanced_speed,"0.0",m/s,Effort Pace,"0.0",m/s,,,,,,,
Data,9,record,activity_type,"1",,timestamp,"1147264851",s,distance,"352.0",m,heart_rate,"96",bpm,altitude,"47.0",m,speed,"0.0",m/s,cadence,"0",rpm,power,"0",watts,accumulated_power,"25539",watts,step_length,"0.0",mm,enhanced_altitude,"47.0",m,enhanced_speed,"0.0",m/s,Effort Pace,"0.0",m/s,,,,,,,
Data,9,record,activity_type,"1",,timestamp,"1147264852",s,distance,"352.0",m,heart_rate,"95",bpm,altitude,"47.0",m,speed,"0.0",m/s,cadence,"0",rpm,power,"0",watts,accumulated_power,"25539",watts,step_length,"0.0",mm,enhanced_altitude,"47.0",m,enhanced_speed,"0.0",m/s,Effort Pace,"0.0",m/s,,,,,,,
Data,9,record,activity_type,"1",,timestamp,"1147264853",s,distance,"352.0",m,heart_rate,"95",bpm,altitude,"47.0",m,speed,"0.0",m/s,cadence,"26",rpm,power,"0",watts,accumulated_power,"25539",watts,step_length,"0.0",mm,enhanced_altitude,"47.0",m,enhanced_speed,"0.0",m/s,Effort Pace,"0.0",m/s,,,,,,,
Data,9,record,activity_type,"1",,timestamp,"1147264854",s,distance,"352.0",m,heart_rate,"95",bpm,altitude,"47.0",m,speed,"0.0",m/s,cadence,"53",rpm,power,"0",watts,accumulated_power,"25539",watts,step_length,"0.0",mm,enhanced_altitude,"47.0",m,enhanced_speed,"0.0",m/s,Effort Pace,"0.0",m/s,,,,,,,
Data,9,record,activity_type,"1",,timestamp,"1147264855",s,distance,"352.0",m,heart_rate,"94",bpm,altitude,"47.0",m,speed,"0.578",m/s,cadence,"53",rpm,power,"0",watts,accumulated_power,"25539",watts,step_length,"320.0",mm,enhanced_altitude,"47.0",m,enhanced_speed,"0.578",m/s,Effort Pace,"0.577",m/s,,,,,,,
Data,9,record,activity_type,"1",,timestamp,"1147264856",s,distance,"352.0",m,heart_rate,"94",bpm,altitude,"47.0",m,speed,"1.156",m/s,cadence,"53",rpm,power,"0",watts,accumulated_power,"25539",watts,step_length,"650.0",mm,enhanced_altitude,"47.0",m,enhanced_speed,"1.156",m/s,Effort Pace,"1.155",m/s,,,,,,,
Data,9,record,activity_type,"1",,timestamp,"1147264857",s,distance,"352.0",m,heart_rate,"94",bpm,altitude,"47.0",m,speed,"0.578",m/s,cadence,"26",rpm,power,"37",watts,accumulated_power,"25576",watts,step_length,"320.0",mm,enhanced_altitude,"47.0",m,enhanced_speed,"0.578",m/s,Effort Pace,"0.577",m/s,,,,,,,
Data,9,record,activity_type,"1",,timestamp,"1147264858",s,distance,"352.0",m,heart_rate,"93",bpm,altitude,"47.0",m,speed,"0.0",m/s,cadence,"0",rpm,power,"75",watts,accumulated_power,"25651",watts,step_length,"0.0",mm,enhanced_altitude,"47.0",m,enhanced_speed,"0.0",m/s,Effort Pace,"0.0",m/s,,,,,,,
Data,9,record,activity_type,"1",,timestamp,"1147264859",s,distance,"352.0",m,heart_rate,"92",bpm,altitude,"47.0",m,speed,"0.0",m/s,cadence,"0",rpm,power,"37",watts,accumulated_power,"25688",watts,step_length,"0.0",mm,enhanced_altitude,"47.0",m,enhanced_speed,"0.0",m/s,Effort Pace,"0.0",m/s,,,,,,,
Data,9,record,activity_type,"1",,timestamp,"1147264860",s,distance,"352.0",m,heart_rate,"91",bpm,altitude,"47.0",m,speed,"0.0",m/s,cadence,"0",rpm,power,"0",watts,accumulated_power,"25688",watts,step_length,"0.0",mm,enhanced_altitude,"47.0",m,enhanced_speed,"0.0",m/s,Effort Pace,"0.0",m/s,,,,,,,
Data,9,record,activity_type,"1",,timestamp,"1147264861",s,distance,"352.0",m,heart_rate,"89",bpm,altitude,"47.0",m,speed,"0.0",m/s,cadence,"0",rpm,power,"0",watts,accumulated_power,"25688",watts,step_length,"0.0",mm,enhanced_altitude,"47.0",m,enhanced_speed,"0.0",m/s,Effort Pace,"0.0",m/s,,,,,,,
Data,9,record,activity_type,"1",,timestamp,"1147264862",s,distance,"352.0",m,heart_rate,"87",bpm,altitude,"47.0",m,speed,"0.0",m/s,cadence,"0",rpm,power,"0",watts,accumulated_power,"25688",watts,step_length,"0.0",mm,enhanced_altitude,"47.0",m,enhanced_speed,"0.0",m/s,Effort Pace,"0.0",m/s,,,,,,,
Data,9,record,activity_type,"1",,timestamp,"1147264863",s,distance,"352.0",m,heart_rate,"85",bpm,altitude,"47.0",m,speed,"0.0",m/s,cadence,"0",rpm,power,"0",watts,accumulated_power,"25688",watts,step_length,"0.0",mm,enhanced_altitude,"47.0",m,enhanced_speed,"0.0",m/s,Effort Pace,"0.0",m/s,,,,,,,
Data,9,record,activity_type,"1",,timestamp,"1147264864",s,distance,"352.0",m,heart_rate,"83",bpm,altitude,"47.0",m,speed,"0.0",m/s,cadence,"0",rpm,power,"0",watts,accumulated_power,"25688",watts,step_length,"0.0",mm,enhanced_altitude,"47.0",m,enhanced_speed,"0.0",m/s,Effort Pace,"0.0",m/s,,,,,,,
Data,9,record,activity_type,"1",,timestamp,"1147264865",s,distance,"352.0",m,heart_rate,"83",bpm,altitude,"47.0",m,speed,"0.0",m/s,cadence,"0",rpm,power,"0",watts,accumulated_power,"25688",watts,step_length,"0.0",mm,enhanced_altitude,"47.0",m,enhanced_speed,"0.0",m/s,Effort Pace,"0.0",m/s,,,,,,,
Data,9,record,activity_type,"1",,timestamp,"1147264866",s,distance,"352.0",m,heart_rate,"83",bpm,altitude,"47.0",m,speed,"0.0",m/s,cadence,"0",rpm,power,"0",watts,accumulated_power,"25688",watts,step_length,"0.0",mm,enhanced_altitude,"47.0",m,enhanced_speed,"0.0",m/s,Effort Pace,"0.0",m/s,,,,,,,
Data,9,record,activity_type,"1",,timestamp,"1147264867",s,distance,"352.0",m,heart_rate,"84",bpm,altitude,"47.0",m,speed,"0.0",m/s,cadence,"0",rpm,power,"0",watts,accumulated_power,"25688",watts,step_length,"0.0",mm,enhanced_altitude,"47.0",m,enhanced_speed,"0.0",m/s,Effort Pace,"0.0",m/s,,,,,,,
Data,9,record,activity_type,"1",,timestamp,"1147264868",s,distance,"352.0",m,heart_rate,"84",bpm,altitude,"47.0",m,speed,"0.0",m/s,cadence,"0",rpm,power,"0",watts,accumulated_power,"25688",watts,step_length,"0.0",mm,enhanced_altitude,"47.0",m,enhanced_speed,"0.0",m/s,Effort Pace,"0.0",m/s,,,,,,,
Data,9,record,activity_type,"1",,timestamp,"1147264869",s,distance,"352.0",m,heart_rate,"85",bpm,altitude,"47.0",m,speed,"0.0",m/s,cadence,"0",rpm,power,"0",watts,accumulated_power,"25688",watts,step_length,"0.0",mm,enhanced_altitude,"47.0",m,enhanced_speed,"0.0",m/s,Effort Pace,"0.0",m/s,,,,,,,
Data,9,record,activity_type,"1",,timestamp,"1147264870",s,distance,"352.0",m,heart_rate,"85",bpm,altitude,"47.0",m,speed,"0.0",m/s,cadence,"0",rpm,power,"0",watts,accumulated_power,"25688",watts,step_length,"0.0",mm,enhanced_altitude,"47.0",m,enhanced_speed,"0.0",m/s,Effort Pace,"0.0",m/s,,,,,,,
Data,9,record,activity_type,"1",,timestamp,"1147264871",s,distance,"352.0",m,heart_rate,"85",bpm,altitude,"47.0",m,speed,"0.0",m/s,cadence,"0",rpm,power,"0",watts,accumulated_power,"25688",watts,step_length,"0.0",mm,enhanced_altitude,"47.0",m,enhanced_speed,"0.0",m/s,Effort Pace,"0.0",m/s,,,,,,,
Data,9,record,activity_type,"1",,timestamp,"1147264872",s,distance,"352.0",m,heart_rate,"84",bpm,altitude,"47.0",m,speed,"0.0",m/s,cadence,"0",rpm,power,"0",watts,accumulated_power,"25688",watts,step_length,"0.0",mm,enhanced_altitude,"47.0",m,enhanced_speed,"0.0",m/s,Effort Pace,"0.0",m/s,,,,,,,
Data,9,record,activity_type,"1",,timestamp,"1147264873",s,distance,"352.0",m,heart_rate,"84",bpm,altitude,"47.0",m,speed,"0.0",m/s,cadence,"0",rpm,power,"0",watts,accumulated_power,"25688",watts,step_length,"0.0",mm,enhanced_altitude,"47.0",m,enhanced_speed,"0.0",m/s,Effort Pace,"0.0",m/s,,,,,,,
Data,9,record,activity_type,"1",,timestamp,"1147264874",s,distance,"352.0",m,heart_rate,"83",bpm,altitude,"48.0",m,speed,"0.0",m/s,cadence,"0",rpm,power,"0",watts,accumulated_power,"25688",watts,step_length,"0.0",mm,enhanced_altitude,"48.0",m,enhanced_speed,"0.0",m/s,Effort Pace,"0.0",m/s,,,,,,,
Data,9,record,activity_type,"1",,timestamp,"1147264875",s,distance,"352.0",m,heart_rate,"83",bpm,altitude,"47.0",m,speed,"0.0",m/s,cadence,"0",rpm,power,"0",watts,accumulated_power,"25688",watts,step_length,"0.0",mm,enhanced_altitude,"47.0",m,enhanced_speed,"0.0",m/s,Effort Pace,"0.0",m/s,,,,,,,
Data,9,record,activity_type,"1",,timestamp,"1147264876",s,distance,"352.0",m,heart_rate,"82",bpm,altitude,"47.0",m,speed,"0.0",m/s,cadence,"0",rpm,power,"0",watts,accumulated_power,"25688",watts,step_length,"0.0",mm,enhanced_altitude,"47.0",m,enhanced_speed,"0.0",m/s,Effort Pace,"0.0",m/s,,,,,,,
Data,9,record,activity_type,"1",,timestamp,"1147264877",s,distance,"352.0",m,heart_rate,"81",bpm,altitude,"47.0",m,speed,"0.0",m/s,cadence,"0",rpm,power,"0",watts,accumulated_power,"25688",watts,step_length,"0.0",mm,enhanced_altitude,"47.0",m,enhanced_speed,"0.0",m/s,Effort Pace,"0.0",m/s,,,,,,,
Data,9,record,activity_type,"1",,timestamp,"1147264878",s,distance,"352.0",m,heart_rate,"80",bpm,altitude,"47.0",m,speed,"0.0",m/s,cadence,"0",rpm,power,"0",watts,accumulated_power,"25688",watts,step_length,"0.0",mm,enhanced_altitude,"47.0",m,enhanced_speed,"0.0",m/s,Effort Pace,"0.0",m/s,,,,,,,
Data,9,record,activity_type,"1",,timestamp,"1147264879",s,distance,"352.0",m,heart_rate,"79",bpm,altitude,"47.0",m,speed,"0.0",m/s,cadence,"0",rpm,power,"0",watts,accumulated_power,"25688",watts,step_length,"0.0",mm,enhanced_altitude,"47.0",m,enhanced_speed,"0.0",m/s,Effort Pace,"0.0",m/s,,,,,,,
Data,9,record,activity_type,"1",,timestamp,"1147264880",s,distance,"352.0",m,heart_rate,"78",bpm,altitude,"47.0",m,speed,"0.0",m/s,cadence,"0",rpm,power,"0",watts,accumulated_power,"25688",watts,step_length,"0.0",mm,enhanced_altitude,"47.0",m,enhanced_speed,"0.0",m/s,Effort Pace,"0.0",m/s,,,,,,,
Data,9,record,activity_type,"1",,timestamp,"1147264881",s,distance,"352.0",m,heart_rate,"78",bpm,altitude,"47.0",m,speed,"0.0",m/s,cadence,"0",rpm,power,"0",watts,accumulated_power,"25688",watts,step_length,"0.0",mm,enhanced_altitude,"47.0",m,enhanced_speed,"0.0",m/s,Effort Pace,"0.0",m/s,,,,,,,
Data,9,record,activity_type,"1",,timestamp,"1147264882",s,distance,"352.0",m,heart_rate,"78",bpm,altitude,"47.0",m,speed,"0.0",m/s,cadence,"0",rpm,power,"0",watts,accumulated_power,"25688",watts,step_length,"0.0",mm,enhanced_altitude,"47.0",m,enhanced_speed,"0.0",m/s,Effort Pace,"0.0",m/s,,,,,,,
Data,9,record,activity_type,"1",,timestamp,"1147264883",s,distance,"352.0",m,heart_rate,"79",bpm,altitude,"47.0",m,speed,"0.0",m/s,cadence,"0",rpm,power,"0",watts,accumulated_power,"25688",watts,step_length,"0.0",mm,enhanced_altitude,"47.0",m,enhanced_speed,"0.0",m/s,Effort Pace,"0.0",m/s,,,,,,,
Data,9,record,activity_type,"1",,timestamp,"1147264884",s,distance,"352.0",m,heart_rate,"79",bpm,altitude,"47.0",m,speed,"0.0",m/s,cadence,"0",rpm,power,"0",watts,accumulated_power,"25688",watts,step_length,"0.0",mm,enhanced_altitude,"47.0",m,enhanced_speed,"0.0",m/s,Effort Pace,"0.0",m/s,,,,,,,
Data,9,record,activity_type,"1",,timestamp,"1147264885",s,distance,"352.0",m,heart_rate,"79",bpm,altitude,"47.0",m,speed,"0.0",m/s,cadence,"0",rpm,power,"0",watts,accumulated_power,"25688",watts,step_length,"0.0",mm,enhanced_altitude,"47.0",m,enhanced_speed,"0.0",m/s,Effort Pace,"0.0",m/s,,,,,,,
Data,9,record,activity_type,"1",,timestamp,"1147264886",s,distance,"352.0",m,heart_rate,"79",bpm,altitude,"47.0",m,speed,"0.0",m/s,cadence,"0",rpm,power,"0",watts,accumulated_power,"25688",watts,step_length,"0.0",mm,enhanced_altitude,"47.0",m,enhanced_speed,"0.0",m/s,Effort Pace,"0.0",m/s,,,,,,,
Data,9,record,activity_type,"1",,timestamp,"1147264887",s,distance,"352.0",m,heart_rate,"79",bpm,altitude,"47.0",m,speed,"0.0",m/s,cadence,"0",rpm,power,"0",watts,accumulated_power,"25688",watts,step_length,"0.0",mm,enhanced_altitude,"47.0",m,enhanced_speed,"0.0",m/s,Effort Pace,"0.0",m/s,,,,,,,
Data,9,record,activity_type,"1",,timestamp,"1147264888",s,distance,"352.0",m,heart_rate,"80",bpm,altitude,"47.0",m,speed,"0.0",m/s,cadence,"0",rpm,power,"0",watts,accumulated_power,"25688",watts,step_length,"0.0",mm,enhanced_altitude,"47.0",m,enhanced_speed,"0.0",m/s,Effort Pace,"0.0",m/s,,,,,,,
Data,9,record,activity_type,"1",,timestamp,"1147264889",s,distance,"352.0",m,heart_rate,"81",bpm,altitude,"47.0",m,speed,"0.0",m/s,cadence,"0",rpm,power,"0",watts,accumulated_power,"25688",watts,step_length,"0.0",mm,enhanced_altitude,"47.0",m,enhanced_speed,"0.0",m/s,Effort Pace,"0.0",m/s,,,,,,,
Data,9,record,activity_type,"1",,timestamp,"1147264890",s,distance,"352.0",m,heart_rate,"82",bpm,altitude,"47.0",m,speed,"0.0",m/s,cadence,"0",rpm,power,"0",watts,accumulated_power,"25688",watts,step_length,"0.0",mm,enhanced_altitude,"47.0",m,enhanced_speed,"0.0",m/s,Effort Pace,"0.0",m/s,,,,,,,
Data,9,record,activity_type,"1",,timestamp,"1147264891",s,distance,"352.0",m,heart_rate,"82",bpm,altitude,"47.0",m,speed,"0.0",m/s,cadence,"0",rpm,power,"0",watts,accumulated_power,"25688",watts,step_length,"0.0",mm,enhanced_altitude,"47.0",m,enhanced_speed,"0.0",m/s,Effort Pace,"0.0",m/s,,,,,,,
Data,9,record,activity_type,"1",,timestamp,"1147264892",s,distance,"352.0",m,heart_rate,"82",bpm,altitude,"47.0",m,speed,"0.0",m/s,cadence,"0",rpm,power,"0",watts,accumulated_power,"25688",watts,step_length,"0.0",mm,enhanced_altitude,"47.0",m,enhanced_speed,"0.0",m/s,Effort Pace,"0.0",m/s,,,,,,,
Data,9,record,activity_type,"1",,timestamp,"1147264893",s,distance,"352.0",m,heart_rate,"81",bpm,altitude,"47.0",m,speed,"0.0",m/s,cadence,"0",rpm,power,"0",watts,accumulated_power,"25688",watts,step_length,"0.0",mm,enhanced_altitude,"47.0",m,enhanced_speed,"0.0",m/s,Effort Pace,"0.0",m/s,,,,,,,
Data,9,record,activity_type,"1",,timestamp,"1147264894",s,distance,"352.0",m,heart_rate,"80",bpm,altitude,"47.0",m,speed,"0.0",m/s,cadence,"0",rpm,power,"0",watts,accumulated_power,"25688",watts,step_length,"0.0",mm,enhanced_altitude,"47.0",m,enhanced_speed,"0.0",m/s,Effort Pace,"0.0",m/s,,,,,,,
Data,9,record,activity_type,"1",,timestamp,"1147264895",s,distance,"352.0",m,heart_rate,"80",bpm,altitude,"47.0",m,speed,"0.0",m/s,cadence,"24",rpm,power,"0",watts,accumulated_power,"25688",watts,step_length,"0.0",mm,enhanced_altitude,"47.0",m,enhanced_speed,"0.0",m/s,Effort Pace,"0.0",m/s,,,,,,,
Data,9,record,activity_type,"1",,timestamp,"1147264896",s,distance,"352.0",m,heart_rate,"79",bpm,altitude,"47.0",m,speed,"0.0",m/s,cadence,"49",rpm,power,"0",watts,accumulated_power,"25688",watts,step_length,"0.0",mm,enhanced_altitude,"47.0",m,enhanced_speed,"0.0",m/s,Effort Pace,"0.0",m/s,,,,,,,
Data,9,record,activity_type,"1",,timestamp,"1147264897",s,distance,"352.0",m,heart_rate,"79",bpm,altitude,"47.0",m,speed,"0.0",m/s,cadence,"47",rpm,power,"0",watts,accumulated_power,"25688",watts,step_length,"0.0",mm,enhanced_altitude,"47.0",m,enhanced_speed,"0.0",m/s,Effort Pace,"0.0",m/s,,,,,,,
Data,9,record,activity_type,"1",,timestamp,"1147264898",s,distance,"352.0",m,heart_rate,"79",bpm,altitude,"47.0",m,speed,"0.0",m/s,cadence,"46",rpm,power,"0",watts,accumulated_power,"25688",watts,step_length,"0.0",mm,enhanced_altitude,"47.0",m,enhanced_speed,"0.0",m/s,Effort Pace,"0.0",m/s,,,,,,,
Data,9,record,activity_type,"1",,timestamp,"1147264899",s,distance,"352.0",m,heart_rate,"79",bpm,altitude,"47.0",m,speed,"0.0",m/s,cadence,"47",rpm,power,"0",watts,accumulated_power,"25688",watts,step_length,"0.0",mm,enhanced_altitude,"47.0",m,enhanced_speed,"0.0",m/s,Effort Pace,"0.0",m/s,,,,,,,
Data,9,record,activity_type,"1",,timestamp,"1147264900",s,distance,"352.0",m,heart_rate,"79",bpm,altitude,"47.0",m,speed,"0.0",m/s,cadence,"48",rpm,power,"0",watts,accumulated_power,"25688",watts,step_length,"0.0",mm,enhanced_altitude,"47.0",m,enhanced_speed,"0.0",m/s,Effort Pace,"0.0",m/s,,,,,,,
Data,9,record,activity_type,"1",,timestamp,"1147264901",s,distance,"352.0",m,heart_rate,"79",bpm,altitude,"47.0",m,speed,"0.0",m/s,cadence,"48",rpm,power,"0",watts,accumulated_power,"25688",watts,step_length,"0.0",mm,enhanced_altitude,"47.0",m,enhanced_speed,"0.0",m/s,Effort Pace,"0.0",m/s,,,,,,,
Data,9,record,activity_type,"1",,timestamp,"1147264902",s,distance,"352.0",m,heart_rate,"79",bpm,altitude,"47.0",m,speed,"0.0",m/s,cadence,"48",rpm,power,"0",watts,accumulated_power,"25688",watts,step_length,"0.0",mm,enhanced_altitude,"47.0",m,enhanced_speed,"0.0",m/s,Effort Pace,"0.0",m/s,,,,,,,
Data,9,record,activity_type,"1",,timestamp,"1147264903",s,distance,"352.0",m,heart_rate,"79",bpm,altitude,"47.0",m,speed,"0.0",m/s,cadence,"48",rpm,power,"0",watts,accumulated_power,"25688",watts,step_length,"0.0",mm,enhanced_altitude,"47.0",m,enhanced_speed,"0.0",m/s,Effort Pace,"0.0",m/s,,,,,,,
Data,9,record,activity_type,"1",,timestamp,"1147264904",s,distance,"352.0",m,heart_rate,"79",bpm,altitude,"47.0",m,speed,"0.0",m/s,cadence,"48",rpm,power,"0",watts,accumulated_power,"25688",watts,step_length,"0.0",mm,enhanced_altitude,"47.0",m,enhanced_speed,"0.0",m/s,Effort Pace,"0.0",m/s,,,,,,,
Data,9,record,activity_type,"1",,timestamp,"1147264905",s,distance,"352.0",m,heart_rate,"79",bpm,altitude,"47.0",m,speed,"0.0",m/s,cadence,"48",rpm,power,"0",watts,accumulated_power,"25688",watts,step_length,"0.0",mm,enhanced_altitude,"47.0",m,enhanced_speed,"0.0",m/s,Effort Pace,"0.0",m/s,,,,,,,
Data,9,record,activity_type,"1",,timestamp,"1147264906",s,distance,"352.0",m,heart_rate,"78",bpm,altitude,"47.0",m,speed,"0.0",m/s,cadence,"48",rpm,power,"0",watts,accumulated_power,"25688",watts,step_length,"0.0",mm,enhanced_altitude,"47.0",m,enhanced_speed,"0.0",m/s,Effort Pace,"0.0",m/s,,,,,,,
Data,9,record,activity_type,"1",,timestamp,"1147264907",s,distance,"352.0",m,heart_rate,"77",bpm,altitude,"47.0",m,speed,"0.481",m/s,cadence,"48",rpm,power,"0",watts,accumulated_power,"25688",watts,step_length,"300.0",mm,enhanced_altitude,"47.0",m,enhanced_speed,"0.481",m/s,Effort Pace,"0.48",m/s,,,,,,,
Data,9,record,activity_type,"1",,timestamp,"1147264908",s,distance,"352.0",m,heart_rate,"77",bpm,altitude,"47.0",m,speed,"0.961",m/s,cadence,"48",rpm,power,"0",watts,accumulated_power,"25688",watts,step_length,"600.0",mm,enhanced_altitude,"47.0",m,enhanced_speed,"0.961",m/s,Effort Pace,"0.961",m/s,,,,,,,
Data,9,record,activity_type,"1",,timestamp,"1147264909",s,distance,"352.0",m,heart_rate,"77",bpm,altitude,"47.0",m,speed,"0.961",m/s,cadence,"48",rpm,power,"31",watts,accumulated_power,"25719",watts,step_length,"600.0",mm,enhanced_altitude,"47.0",m,enhanced_speed,"0.961",m/s,Effort Pace,"0.961",m/s,,,,,,,
Data,9,record,activity_type,"1",,timestamp,"1147264910",s,distance,"352.0",m,heart_rate,"77",bpm,altitude,"47.0",m,speed,"0.961",m/s,cadence,"48",rpm,power,"62",watts,accumulated_power,"25781",watts,step_length,"600.0",mm,enhanced_altitude,"47.0",m,enhanced_speed,"0.961",m/s,Effort Pace,"0.961",m/s,,,,,,,
Data,9,record,activity_type,"1",,timestamp,"1147264911",s,distance,"352.0",m,heart_rate,"77",bpm,altitude,"47.0",m,speed,"0.961",m/s,cadence,"48",rpm,power,"62",watts,accumulated_power,"25843",watts,step_length,"600.0",mm,enhanced_altitude,"47.0",m,enhanced_speed,"0.961",m/s,Effort Pace,"0.961",m/s,,,,,,,
Data,9,record,activity_type,"1",,timestamp,"1147264912",s,distance,"352.0",m,heart_rate,"78",bpm,altitude,"47.0",m,speed,"0.961",m/s,cadence,"48",rpm,power,"62",watts,accumulated_power,"25905",watts,step_length,"600.0",mm,enhanced_altitude,"47.0",m,enhanced_speed,"0.961",m/s,Effort Pace,"0.961",m/s,,,,,,,
Data,9,record,activity_type,"1",,timestamp,"1147264913",s,distance,"352.0",m,heart_rate,"80",bpm,altitude,"47.0",m,speed,"0.961",m/s,cadence,"48",rpm,power,"62",watts,accumulated_power,"25967",watts,step_length,"600.0",mm,enhanced_altitude,"47.0",m,enhanced_speed,"0.961",m/s,Effort Pace,"0.961",m/s,,,,,,,
Data,9,record,activity_type,"1",,timestamp,"1147264914",s,distance,"352.0",m,heart_rate,"80",bpm,altitude,"47.0",m,speed,"0.961",m/s,cadence,"48",rpm,power,"62",watts,accumulated_power,"26029",watts,step_length,"600.0",mm,enhanced_altitude,"47.0",m,enhanced_speed,"0.961",m/s,Effort Pace,"0.961",m/s,,,,,,,
Data,9,record,activity_type,"1",,timestamp,"1147264915",s,distance,"352.0",m,heart_rate,"81",bpm,altitude,"47.0",m,speed,"0.481",m/s,cadence,"48",rpm,power,"62",watts,accumulated_power,"26091",watts,step_length,"300.0",mm,enhanced_altitude,"47.0",m,enhanced_speed,"0.481",m/s,Effort Pace,"0.48",m/s,,,,,,,
Data,9,record,activity_type,"1",,timestamp,"1147264916",s,distance,"352.0",m,heart_rate,"82",bpm,altitude,"47.0",m,speed,"0.0",m/s,cadence,"48",rpm,power,"62",watts,accumulated_power,"26153",watts,step_length,"0.0",mm,enhanced_altitude,"47.0",m,enhanced_speed,"0.0",m/s,Effort Pace,"0.0",m/s,,,,,,,
Data,9,record,activity_type,"1",,timestamp,"1147264917",s,distance,"352.0",m,heart_rate,"82",bpm,altitude,"47.0",m,speed,"0.0",m/s,cadence,"48",rpm,power,"31",watts,accumulated_power,"26184",watts,step_length,"0.0",mm,enhanced_altitude,"47.0",m,enhanced_speed,"0.0",m/s,Effort Pace,"0.0",m/s,,,,,,,
Data,9,record,activity_type,"1",,timestamp,"1147264918",s,distance,"352.0",m,heart_rate,"83",bpm,altitude,"47.0",m,speed,"0.0",m/s,cadence,"48",rpm,power,"0",watts,accumulated_power,"26184",watts,step_length,"0.0",mm,enhanced_altitude,"47.0",m,enhanced_speed,"0.0",m/s,Effort Pace,"0.0",m/s,,,,,,,
Data,9,record,activity_type,"1",,timestamp,"1147264919",s,distance,"352.0",m,heart_rate,"83",bpm,altitude,"47.0",m,speed,"0.0",m/s,cadence,"24",rpm,power,"0",watts,accumulated_power,"26184",watts,step_length,"0.0",mm,enhanced_altitude,"47.0",m,enhanced_speed,"0.0",m/s,Effort Pace,"0.0",m/s,,,,,,,
Data,9,record,activity_type,"1",,timestamp,"1147264920",s,distance,"352.0",m,heart_rate,"83",bpm,altitude,"47.0",m,speed,"0.0",m/s,cadence,"0",rpm,power,"0",watts,accumulated_power,"26184",watts,step_length,"0.0",mm,enhanced_altitude,"47.0",m,enhanced_speed,"0.0",m/s,Effort Pace,"0.0",m/s,,,,,,,
Data,9,record,activity_type,"1",,timestamp,"1147264921",s,distance,"352.0",m,heart_rate,"83",bpm,altitude,"47.0",m,speed,"0.0",m/s,cadence,"0",rpm,power,"0",watts,accumulated_power,"26184",watts,step_length,"0.0",mm,enhanced_altitude,"47.0",m,enhanced_speed,"0.0",m/s,Effort Pace,"0.0",m/s,,,,,,,
Data,9,record,activity_type,"1",,timestamp,"1147264922",s,distance,"352.0",m,heart_rate,"83",bpm,altitude,"47.0",m,speed,"0.0",m/s,cadence,"0",rpm,power,"0",watts,accumulated_power,"26184",watts,step_length,"0.0",mm,enhanced_altitude,"47.0",m,enhanced_speed,"0.0",m/s,Effort Pace,"0.0",m/s,,,,,,,
Data,9,record,activity_type,"1",,timestamp,"1147264923",s,distance,"352.0",m,heart_rate,"83",bpm,altitude,"47.0",m,speed,"0.0",m/s,cadence,"0",rpm,power,"0",watts,accumulated_power,"26184",watts,step_length,"0.0",mm,enhanced_altitude,"47.0",m,enhanced_speed,"0.0",m/s,Effort Pace,"0.0",m/s,,,,,,,
Data,9,record,activity_type,"1",,timestamp,"1147264924",s,distance,"352.0",m,heart_rate,"83",bpm,altitude,"47.0",m,speed,"0.0",m/s,cadence,"0",rpm,power,"0",watts,accumulated_power,"26184",watts,step_length,"0.0",mm,enhanced_altitude,"47.0",m,enhanced_speed,"0.0",m/s,Effort Pace,"0.0",m/s,,,,,,,
Data,9,record,activity_type,"1",,timestamp,"1147264925",s,distance,"352.0",m,heart_rate,"82",bpm,altitude,"47.0",m,speed,"0.0",m/s,cadence,"0",rpm,power,"0",watts,accumulated_power,"26184",watts,step_length,"0.0",mm,enhanced_altitude,"47.0",m,enhanced_speed,"0.0",m/s,Effort Pace,"0.0",m/s,,,,,,,
Data,9,record,activity_type,"1",,timestamp,"1147264926",s,distance,"352.0",m,heart_rate,"82",bpm,altitude,"47.0",m,speed,"0.0",m/s,cadence,"0",rpm,power,"0",watts,accumulated_power,"26184",watts,step_length,"0.0",mm,enhanced_altitude,"47.0",m,enhanced_speed,"0.0",m/s,Effort Pace,"0.0",m/s,,,,,,,
Data,9,record,activity_type,"1",,timestamp,"1147264927",s,distance,"352.0",m,heart_rate,"81",bpm,altitude,"47.0",m,speed,"0.0",m/s,cadence,"0",rpm,power,"0",watts,accumulated_power,"26184",watts,step_length,"0.0",mm,enhanced_altitude,"47.0",m,enhanced_speed,"0.0",m/s,Effort Pace,"0.0",m/s,,,,,,,
Data,9,record,activity_type,"1",,timestamp,"1147264928",s,distance,"352.0",m,heart_rate,"81",bpm,altitude,"47.0",m,speed,"0.0",m/s,cadence,"0",rpm,power,"0",watts,accumulated_power,"26184",watts,step_length,"0.0",mm,enhanced_altitude,"47.0",m,enhanced_speed,"0.0",m/s,Effort Pace,"0.0",m/s,,,,,,,
Data,9,record,activity_type,"1",,timestamp,"1147264929",s,distance,"352.0",m,heart_rate,"81",bpm,altitude,"47.0",m,speed,"0.0",m/s,cadence,"0",rpm,power,"0",watts,accumulated_power,"26184",watts,step_length,"0.0",mm,enhanced_altitude,"47.0",m,enhanced_speed,"0.0",m/s,Effort Pace,"0.0",m/s,,,,,,,
Data,9,record,activity_type,"1",,timestamp,"1147264930",s,distance,"352.0",m,heart_rate,"81",bpm,altitude,"47.0",m,speed,"0.0",m/s,cadence,"0",rpm,power,"0",watts,accumulated_power,"26184",watts,step_length,"0.0",mm,enhanced_altitude,"47.0",m,enhanced_speed,"0.0",m/s,Effort Pace,"0.0",m/s,,,,,,,
Data,9,record,activity_type,"1",,timestamp,"1147264931",s,distance,"352.0",m,heart_rate,"81",bpm,altitude,"47.0",m,speed,"0.0",m/s,cadence,"0",rpm,power,"0",watts,accumulated_power,"26184",watts,step_length,"0.0",mm,enhanced_altitude,"47.0",m,enhanced_speed,"0.0",m/s,Effort Pace,"0.0",m/s,,,,,,,
Data,9,record,activity_type,"1",,timestamp,"1147264932",s,distance,"352.0",m,heart_rate,"81",bpm,altitude,"47.0",m,speed,"0.0",m/s,cadence,"0",rpm,power,"0",watts,accumulated_power,"26184",watts,step_length,"0.0",mm,enhanced_altitude,"47.0",m,enhanced_speed,"0.0",m/s,Effort Pace,"0.0",m/s,,,,,,,
Data,9,record,activity_type,"1",,timestamp,"1147264933",s,distance,"352.0",m,heart_rate,"80",bpm,altitude,"47.0",m,speed,"0.0",m/s,cadence,"0",rpm,power,"0",watts,accumulated_power,"26184",watts,step_length,"0.0",mm,enhanced_altitude,"47.0",m,enhanced_speed,"0.0",m/s,Effort Pace,"0.0",m/s,,,,,,,
Data,9,record,activity_type,"1",,timestamp,"1147264934",s,distance,"352.0",m,heart_rate,"80",bpm,altitude,"47.0",m,speed,"0.0",m/s,cadence,"0",rpm,power,"0",watts,accumulated_power,"26184",watts,step_length,"0.0",mm,enhanced_altitude,"47.0",m,enhanced_speed,"0.0",m/s,Effort Pace,"0.0",m/s,,,,,,,
Data,9,record,activity_type,"1",,timestamp,"1147264935",s,distance,"352.0",m,heart_rate,"78",bpm,altitude,"47.0",m,speed,"0.0",m/s,cadence,"0",rpm,power,"0",watts,accumulated_power,"26184",watts,step_length,"0.0",mm,enhanced_altitude,"47.0",m,enhanced_speed,"0.0",m/s,Effort Pace,"0.0",m/s,,,,,,,
Data,9,record,activity_type,"1",,timestamp,"1147264936",s,distance,"352.0",m,heart_rate,"76",bpm,altitude,"47.0",m,speed,"0.0",m/s,cadence,"0",rpm,power,"0",watts,accumulated_power,"26184",watts,step_length,"0.0",mm,enhanced_altitude,"47.0",m,enhanced_speed,"0.0",m/s,Effort Pace,"0.0",m/s,,,,,,,
Data,9,record,activity_type,"1",,timestamp,"1147264937",s,distance,"352.0",m,heart_rate,"76",bpm,altitude,"47.0",m,speed,"0.0",m/s,cadence,"0",rpm,power,"0",watts,accumulated_power,"26184",watts,step_length,"0.0",mm,enhanced_altitude,"47.0",m,enhanced_speed,"0.0",m/s,Effort Pace,"0.0",m/s,,,,,,,
Data,9,record,activity_type,"1",,timestamp,"1147264938",s,distance,"352.0",m,heart_rate,"76",bpm,altitude,"47.0",m,speed,"0.0",m/s,cadence,"0",rpm,power,"0",watts,accumulated_power,"26184",watts,step_length,"0.0",mm,enhanced_altitude,"47.0",m,enhanced_speed,"0.0",m/s,Effort Pace,"0.0",m/s,,,,,,,
Data,9,record,activity_type,"1",,timestamp,"1147264939",s,distance,"352.0",m,heart_rate,"75",bpm,altitude,"47.0",m,speed,"0.0",m/s,cadence,"0",rpm,power,"0",watts,accumulated_power,"26184",watts,step_length,"0.0",mm,enhanced_altitude,"47.0",m,enhanced_speed,"0.0",m/s,Effort Pace,"0.0",m/s,,,,,,,
Data,9,record,activity_type,"1",,timestamp,"1147264940",s,distance,"352.0",m,heart_rate,"74",bpm,altitude,"47.0",m,speed,"0.0",m/s,cadence,"0",rpm,power,"0",watts,accumulated_power,"26184",watts,step_length,"0.0",mm,enhanced_altitude,"47.0",m,enhanced_speed,"0.0",m/s,Effort Pace,"0.0",m/s,,,,,,,
Data,9,record,activity_type,"1",,timestamp,"1147264941",s,distance,"352.0",m,heart_rate,"74",bpm,altitude,"47.0",m,speed,"0.0",m/s,cadence,"0",rpm,power,"0",watts,accumulated_power,"26184",watts,step_length,"0.0",mm,enhanced_altitude,"47.0",m,enhanced_speed,"0.0",m/s,Effort Pace,"0.0",m/s,,,,,,,
Data,9,record,activity_type,"1",,timestamp,"1147264942",s,distance,"352.0",m,heart_rate,"73",bpm,altitude,"47.0",m,speed,"0.0",m/s,cadence,"0",rpm,power,"0",watts,accumulated_power,"26184",watts,step_length,"0.0",mm,enhanced_altitude,"47.0",m,enhanced_speed,"0.0",m/s,Effort Pace,"0.0",m/s,,,,,,,
Data,9,record,activity_type,"1",,timestamp,"1147264943",s,distance,"352.0",m,heart_rate,"72",bpm,altitude,"47.0",m,speed,"0.0",m/s,cadence,"0",rpm,power,"0",watts,accumulated_power,"26184",watts,step_length,"0.0",mm,enhanced_altitude,"47.0",m,enhanced_speed,"0.0",m/s,Effort Pace,"0.0",m/s,,,,,,,
Data,9,record,activity_type,"1",,timestamp,"1147264944",s,distance,"352.0",m,heart_rate,"71",bpm,altitude,"47.0",m,speed,"0.0",m/s,cadence,"0",rpm,power,"0",watts,accumulated_power,"26184",watts,step_length,"0.0",mm,enhanced_altitude,"47.0",m,enhanced_speed,"0.0",m/s,Effort Pace,"0.0",m/s,,,,,,,
Data,9,record,activity_type,"1",,timestamp,"1147264945",s,distance,"352.0",m,heart_rate,"71",bpm,speed,"0.0",m/s,cadence,"0",rpm,power,"0",watts,accumulated_power,"26184",watts,step_length,"0.0",mm,enhanced_speed,"0.0",m/s,Effort Pace,"0.0",m/s,,,,,,,,,,,,,
Data,9,record,activity_type,"1",,timestamp,"1147264946",s,distance,"352.0",m,heart_rate,"71",bpm,speed,"0.0",m/s,cadence,"0",rpm,power,"0",watts,accumulated_power,"26184",watts,step_length,"0.0",mm,enhanced_speed,"0.0",m/s,Effort Pace,"0.0",m/s,,,,,,,,,,,,,
Data,9,record,activity_type,"1",,timestamp,"1147264947",s,distance,"352.0",m,,,,,,,,,,,,,,,,,,,,,,,,,,,,,,,,,,,,,
Data,10,event,timestamp,"1147264947",s,event,"0",,event_type,"4",,event_group,"0",,,,,,,,,,,,,,,,,,,,,,,,,,,,,,,,,,,
Definition,10,event,timestamp,1,,event,1,,event_type,1,,event_group,1,,data,0,,,,,,,,,,,,,,,,,,,,,,,,,,,,,,,,
Data,10,event,timestamp,"1147265106",s,event,"0",,event_type,"0",,event_group,"0",,timer_trigger,"6414418",,,,,,,,,,,,,,,,,,,,,,,,,,,,,,,,
Data,9,record,activity_type,"1",,timestamp,"1147265106",s,position_lat,"608371892",semicircles,position_long,"69744504",semicircles,distance,"352.0",m,heart_rate,"85",bpm,speed,"1.136",m/s,cadence,"52",rpm,power,"0",watts,accumulated_power,"26184",watts,step_length,"650.0",mm,enhanced_speed,"1.136",m/s,Effort Pace,"1.136",m/s,,,,,,,
Data,9,record,activity_type,"1",,timestamp,"1147265107",s,position_lat,"608371798",semicircles,position_long,"69744448",semicircles,distance,"352.0",m,heart_rate,"85",bpm,altitude,"47.0",m,speed,"1.125",m/s,cadence,"52",rpm,power,"37",watts,accumulated_power,"26221",watts,step_length,"650.0",mm,enhanced_altitude,"47.0",m,enhanced_speed,"1.125",m/s,Effort Pace,"1.125",m/s,
Data,9,record,activity_type,"1",,timestamp,"1147265108",s,position_lat,"608371704",semicircles,position_long,"69744392",semicircles,distance,"352.0",m,heart_rate,"85",bpm,altitude,"47.0",m,speed,"1.117",m/s,cadence,"52",rpm,power,"74",watts,accumulated_power,"26295",watts,step_length,"650.0",mm,enhanced_altitude,"47.0",m,enhanced_speed,"1.117",m/s,Effort Pace,"1.116",m/s,
Data,9,record,activity_type,"1",,timestamp,"1147265109",s,position_lat,"608371540",semicircles,position_long,"69744265",semicircles,distance,"356.0",m,heart_rate,"85",bpm,altitude,"47.0",m,speed,"1.189",m/s,cadence,"52",rpm,power,"73",watts,accumulated_power,"26368",watts,step_length,"690.0",mm,enhanced_altitude,"47.0",m,enhanced_speed,"1.189",m/s,Effort Pace,"1.188",m/s,
Data,9,record,activity_type,"1",,timestamp,"1147265110",s,position_lat,"608371375",semicircles,position_long,"69744140",semicircles,distance,"360.0",m,heart_rate,"85",bpm,altitude,"47.0",m,speed,"1.264",m/s,cadence,"52",rpm,power,"72",watts,accumulated_power,"26440",watts,step_length,"730.0",mm,enhanced_altitude,"47.0",m,enhanced_speed,"1.264",m/s,Effort Pace,"1.263",m/s,
Data,9,record,activity_type,"1",,timestamp,"1147265111",s,position_lat,"608371143",semicircles,position_long,"69743943",semicircles,distance,"363.5",m,heart_rate,"85",bpm,altitude,"47.0",m,speed,"2.242",m/s,cadence,"74",rpm,power,"77",watts,accumulated_power,"26517",watts,step_length,"860.0",mm,enhanced_altitude,"47.0",m,enhanced_speed,"2.242",m/s,Effort Pace,"2.241",m/s,
Data,9,record,activity_type,"1",,timestamp,"1147265112",s,position_lat,"608370910",semicircles,position_long,"69743748",semicircles,distance,"367.0",m,heart_rate,"85",bpm,altitude,"47.0",m,speed,"3.222",m/s,cadence,"96",rpm,power,"82",watts,accumulated_power,"26599",watts,step_length,"1000.0",mm,enhanced_altitude,"47.0",m,enhanced_speed,"3.222",m/s,Effort Pace,"3.222",m/s,
Data,9,record,activity_type,"1",,timestamp,"1147265113",s,position_lat,"608370645",semicircles,position_long,"69743476",semicircles,distance,"370.5",m,heart_rate,"85",bpm,altitude,"47.0",m,speed,"3.2",m/s,cadence,"96",rpm,power,"145",watts,accumulated_power,"26744",watts,step_length,"990.0",mm,enhanced_altitude,"47.0",m,enhanced_speed,"3.2",m/s,Effort Pace,"3.2",m/s,
Data,9,record,activity_type,"1",,timestamp,"1147265114",s,position_lat,"608370381",semicircles,position_long,"69743204",semicircles,distance,"374.0",m,heart_rate,"85",bpm,altitude,"47.0",m,speed,"3.178",m/s,cadence,"96",rpm,power,"208",watts,accumulated_power,"26952",watts,step_length,"990.0",mm,enhanced_altitude,"47.0",m,enhanced_speed,"3.178",m/s,Effort Pace,"3.177",m/s,
Data,9,record,activity_type,"1",,timestamp,"1147265115",s,position_lat,"608370099",semicircles,position_long,"69742862",semicircles,distance,"377.5",m,heart_rate,"85",bpm,altitude,"47.0",m,speed,"3.211",m/s,cadence,"95",rpm,power,"207",watts,accumulated_power,"27159",watts,step_length,"1000.0",mm,enhanced_altitude,"47.0",m,enhanced_speed,"3.211",m/s,Effort Pace,"3.211",m/s,
Data,9,record,activity_type,"1",,timestamp,"1147265116",s,position_lat,"608369816",semicircles,position_long,"69742522",semicircles,distance,"381.0",m,heart_rate,"85",bpm,altitude,"47.0",m,speed,"3.247",m/s,cadence,"95",rpm,power,"206",watts,accumulated_power,"27365",watts,step_length,"1020.0",mm,enhanced_altitude,"47.0",m,enhanced_speed,"3.247",m/s,Effort Pace,"3.247",m/s,
Data,9,record,activity_type,"1",,timestamp,"1147265117",s,position_lat,"608369524",semicircles,position_long,"69742143",semicircles,distance,"384.5",m,heart_rate,"85",bpm,altitude,"47.0",m,speed,"3.289",m/s,cadence,"95",rpm,power,"208",watts,accumulated_power,"27573",watts,step_length,"1030.0",mm,enhanced_altitude,"47.0",m,enhanced_speed,"3.289",m/s,Effort Pace,"3.288",m/s,
Data,9,record,activity_type,"1",,timestamp,"1147265118",s,position_lat,"608369232",semicircles,position_long,"69741764",semicircles,distance,"388.0",m,heart_rate,"85",bpm,altitude,"47.0",m,speed,"3.333",m/s,cadence,"95",rpm,power,"210",watts,accumulated_power,"27783",watts,step_length,"1050.0",mm,enhanced_altitude,"47.0",m,enhanced_speed,"3.333",m/s,Effort Pace,"3.333",m/s,
Data,9,record,activity_type,"1",,timestamp,"1147265119",s,position_lat,"608368940",semicircles,position_long,"69741369",semicircles,distance,"391.5",m,heart_rate,"85",bpm,altitude,"47.0",m,speed,"3.364",m/s,cadence,"95",rpm,power,"212",watts,accumulated_power,"27995",watts,step_length,"1060.0",mm,enhanced_altitude,"47.0",m,enhanced_speed,"3.364",m/s,Effort Pace,"3.363",m/s,
Data,9,record,activity_type,"1",,timestamp,"1147265120",s,position_lat,"608368649",semicircles,position_long,"69740975",semicircles,distance,"395.0",m,heart_rate,"86",bpm,altitude,"47.0",m,speed,"3.397",m/s,cadence,"95",rpm,power,"215",watts,accumulated_power,"28210",watts,step_length,"1080.0",mm,enhanced_altitude,"47.0",m,enhanced_speed,"3.397",m/s,Effort Pace,"3.397",m/s,
Data,9,record,activity_type,"1",,timestamp,"1147265121",s,position_lat,"608368357",semicircles,position_long,"69740590",semicircles,distance,"398.5",m,heart_rate,"88",bpm,altitude,"47.0",m,speed,"3.433",m/s,cadence,"95",rpm,power,"217",watts,accumulated_power,"28427",watts,step_length,"1080.0",mm,enhanced_altitude,"47.0",m,enhanced_speed,"3.433",m/s,Effort Pace,"3.433",m/s,
Data,9,record,activity_type,"1",,timestamp,"1147265122",s,position_lat,"608368066",semicircles,position_long,"69740206",semicircles,distance,"402.0",m,heart_rate,"88",bpm,altitude,"47.0",m,speed,"3.472",m/s,cadence,"95",rpm,power,"220",watts,accumulated_power,"28647",watts,step_length,"1090.0",mm,enhanced_altitude,"47.0",m,enhanced_speed,"3.472",m/s,Effort Pace,"3.472",m/s,
Data,9,record,activity_type,"1",,timestamp,"1147265123",s,position_lat,"608367761",semicircles,position_long,"69739870",semicircles,distance,"405.0",m,heart_rate,"88",bpm,altitude,"47.0",m,speed,"3.481",m/s,cadence,"95",rpm,power,"222",watts,accumulated_power,"28869",watts,step_length,"1090.0",mm,enhanced_altitude,"47.0",m,enhanced_speed,"3.481",m/s,Effort Pace,"3.48",m/s,
Data,9,record,activity_type,"1",,timestamp,"1147265124",s,position_lat,"608367458",semicircles,position_long,"69739536",semicircles,distance,"408.0",m,heart_rate,"88",bpm,altitude,"47.0",m,speed,"3.489",m/s,cadence,"96",rpm,power,"225",watts,accumulated_power,"29094",watts,step_length,"1100.0",mm,enhanced_altitude,"47.0",m,enhanced_speed,"3.489",m/s,Effort Pace,"3.488",m/s,
Data,9,record,activity_type,"1",,timestamp,"1147265125",s,position_lat,"608367135",semicircles,position_long,"69739331",semicircles,distance,"411.5",m,heart_rate,"88",bpm,altitude,"47.0",m,speed,"3.489",m/s,cadence,"96",rpm,power,"225",watts,accumulated_power,"29319",watts,step_length,"1090.0",mm,enhanced_altitude,"47.0",m,enhanced_speed,"3.489",m/s,Effort Pace,"3.488",m/s,
Data,9,record,activity_type,"1",,timestamp,"1147265126",s,position_lat,"608366812",semicircles,position_long,"69739127",semicircles,distance,"415.0",m,heart_rate,"88",bpm,altitude,"47.0",m,speed,"3.489",m/s,cadence,"96",rpm,power,"226",watts,accumulated_power,"29545",watts,step_length,"1090.0",mm,enhanced_altitude,"47.0",m,enhanced_speed,"3.489",m/s,Effort Pace,"3.488",m/s,
Data,9,record,activity_type,"1",,timestamp,"1147265127",s,position_lat,"608366471",semicircles,position_long,"69739121",semicircles,distance,"418.5",m,heart_rate,"88",bpm,altitude,"47.0",m,speed,"3.472",m/s,cadence,"96",rpm,power,"226",watts,accumulated_power,"29771",watts,step_length,"1080.0",mm,enhanced_altitude,"47.0",m,enhanced_speed,"3.472",m/s,Effort Pace,"3.472",m/s,
Data,9,record,activity_type,"1",,timestamp,"1147265128",s,position_lat,"608366129",semicircles,position_long,"69739115",semicircles,distance,"422.0",m,heart_rate,"88",bpm,altitude,"47.0",m,speed,"3.456",m/s,cadence,"96",rpm,power,"226",watts,accumulated_power,"29997",watts,step_length,"1080.0",mm,enhanced_altitude,"47.0",m,enhanced_speed,"3.456",m/s,Effort Pace,"3.455",m/s,
Data,9,record,activity_type,"1",,timestamp,"1147265129",s,position_lat,"608365805",semicircles,position_long,"69739333",semicircles,distance,"425.5",m,heart_rate,"86",bpm,altitude,"47.0",m,speed,"3.439",m/s,cadence,"96",rpm,power,"225",watts,accumulated_power,"30222",watts,step_length,"1070.0",mm,enhanced_altitude,"47.0",m,enhanced_speed,"3.439",m/s,Effort Pace,"3.438",m/s,
Data,9,record,activity_type,"1",,timestamp,"1147265130",s,position_lat,"608365480",semicircles,position_long,"69739552",semicircles,distance,"429.0",m,heart_rate,"86",bpm,altitude,"47.0",m,speed,"3.425",m/s,cadence,"96",rpm,power,"224",watts,accumulated_power,"30446",watts,step_length,"1070.0",mm,enhanced_altitude,"47.0",m,enhanced_speed,"3.425",m/s,Effort Pace,"3.424",m/s,
Data,9,record,activity_type,"1",,timestamp,"1147265131",s,position_lat,"608365201",semicircles,position_long,"69739919",semicircles,distance,"432.0",m,heart_rate,"86",bpm,altitude,"47.0",m,speed,"3.411",m/s,cadence,"96",rpm,power,"223",watts,accumulated_power,"30669",watts,step_length,"1060.0",mm,enhanced_altitude,"47.0",m,enhanced_speed,"3.411",m/s,Effort Pace,"3.411",m/s,
Data,9,record,activity_type,"1",,timestamp,"1147265132",s,position_lat,"608364922",semicircles,position_long,"69740288",semicircles,distance,"435.0",m,heart_rate,"87",bpm,altitude,"47.0",m,speed,"3.4",m/s,cadence,"96",rpm,power,"222",watts,accumulated_power,"30891",watts,step_length,"1060.0",mm,enhanced_altitude,"47.0",m,enhanced_speed,"3.4",m/s,Effort Pace,"3.399",m/s,
Data,9,record,activity_type,"1",,timestamp,"1147265133",s,position_lat,"608364694",semicircles,position_long,"69740699",semicircles,distance,"438.0",m,heart_rate,"87",bpm,altitude,"47.0",m,speed,"3.425",m/s,cadence,"97",rpm,power,"221",watts,accumulated_power,"31112",watts,step_length,"1060.0",mm,enhanced_altitude,"47.0",m,enhanced_speed,"3.425",m/s,Effort Pace,"3.424",m/s,
Data,9,record,activity_type,"1",,timestamp,"1147265134",s,position_lat,"608364467",semicircles,position_long,"69741112",semicircles,distance,"441.0",m,heart_rate,"89",bpm,altitude,"47.0",m,speed,"3.45",m/s,cadence,"98",rpm,power,"220",watts,accumulated_power,"31332",watts,step_length,"1060.0",mm,enhanced_altitude,"47.0",m,enhanced_speed,"3.45",m/s,Effort Pace,"3.45",m/s,
Data,9,record,activity_type,"1",,timestamp,"1147265135",s,position_lat,"608364271",semicircles,position_long,"69741543",semicircles,distance,"444.0",m,heart_rate,"89",bpm,altitude,"47.0",m,speed,"3.439",m/s,cadence,"97",rpm,power,"221",watts,accumulated_power,"31553",watts,step_length,"1060.0",mm,enhanced_altitude,"47.0",m,enhanced_speed,"3.439",m/s,Effort Pace,"3.438",m/s,
Data,9,record,activity_type,"1",,timestamp,"1147265136",s,position_lat,"608364075",semicircles,position_long,"69741974",semicircles,distance,"447.0",m,heart_rate,"91",bpm,altitude,"47.0",m,speed,"3.431",m/s,cadence,"97",rpm,power,"223",watts,accumulated_power,"31776",watts,step_length,"1060.0",mm,enhanced_altitude,"47.0",m,enhanced_speed,"3.431",m/s,Effort Pace,"3.43",m/s,
Data,9,record,activity_type,"1",,timestamp,"1147265137",s,position_lat,"608363871",semicircles,position_long,"69742401",semicircles,distance,"450.5",m,heart_rate,"92",bpm,altitude,"47.0",m,speed,"3.414",m/s,cadence,"97",rpm,power,"222",watts,accumulated_power,"31998",watts,step_length,"1050.0",mm,enhanced_altitude,"47.0",m,enhanced_speed,"3.414",m/s,Effort Pace,"3.413",m/s,
Data,9,record,activity_type,"1",,timestamp,"1147265138",s,position_lat,"608363668",semicircles,position_long,"69742829",semicircles,distance,"454.0",m,heart_rate,"93",bpm,altitude,"47.0",m,speed,"3.4",m/s,cadence,"97",rpm,power,"222",watts,accumulated_power,"32220",watts,step_length,"1050.0",mm,enhanced_altitude,"47.0",m,enhanced_speed,"3.4",m/s,Effort Pace,"3.399",m/s,
Data,9,record,activity_type,"1",,timestamp,"1147265139",s,position_lat,"608363449",semicircles,position_long,"69743249",semicircles,distance,"457.0",m,heart_rate,"95",bpm,altitude,"47.0",m,speed,"3.389",m/s,cadence,"97",rpm,power,"221",watts,accumulated_power,"32441",watts,step_length,"1040.0",mm,enhanced_altitude,"47.0",m,enhanced_speed,"3.389",m/s,Effort Pace,"3.388",m/s,
Data,9,record,activity_type,"1",,timestamp,"1147265140",s,position_lat,"608363230",semicircles,position_long,"69743669",semicircles,distance,"460.0",m,heart_rate,"95",bpm,altitude,"47.0",m,speed,"3.381",m/s,cadence,"97",rpm,power,"220",watts,accumulated_power,"32661",watts,step_length,"1040.0",mm,enhanced_altitude,"47.0",m,enhanced_speed,"3.381",m/s,Effort Pace,"3.38",m/s,
Data,9,record,activity_type,"1",,timestamp,"1147265141",s,position_lat,"608363004",semicircles,position_long,"69744070",semicircles,distance,"463.0",m,heart_rate,"95",bpm,altitude,"47.0",m,speed,"3.372",m/s,cadence,"96",rpm,power,"219",watts,accumulated_power,"32880",watts,step_length,"1040.0",mm,enhanced_altitude,"47.0",m,enhanced_speed,"3.372",m/s,Effort Pace,"3.372",m/s,
Data,9,record,activity_type,"1",,timestamp,"1147265142",s,position_lat,"608362777",semicircles,position_long,"69744471",semicircles,distance,"466.0",m,heart_rate,"97",bpm,altitude,"47.0",m,speed,"3.367",m/s,cadence,"96",rpm,power,"219",watts,accumulated_power,"33099",watts,step_length,"1040.0",mm,enhanced_altitude,"47.0",m,enhanced_speed,"3.367",m/s,Effort Pace,"3.366",m/s,
Data,9,record,activity_type,"1",,timestamp,"1147265143",s,position_lat,"608362550",semicircles,position_long,"69744855",semicircles,distance,"469.0",m,heart_rate,"97",bpm,altitude,"47.0",m,speed,"3.3",m/s,cadence,"95",rpm,power,"218",watts,accumulated_power,"33317",watts,step_length,"1030.0",mm,enhanced_altitude,"47.0",m,enhanced_speed,"3.3",m/s,Effort Pace,"3.3",m/s,
Data,9,record,activity_type,"1",,timestamp,"1147265144",s,position_lat,"608362324",semicircles,position_long,"69745239",semicircles,distance,"472.0",m,heart_rate,"97",bpm,altitude,"47.0",m,speed,"3.233",m/s,cadence,"94",rpm,power,"218",watts,accumulated_power,"33535",watts,step_length,"1020.0",mm,enhanced_altitude,"47.0",m,enhanced_speed,"3.233",m/s,Effort Pace,"3.233",m/s,
Data,9,record,activity_type,"1",,timestamp,"1147265145",s,position_lat,"608362109",semicircles,position_long,"69745637",semicircles,distance,"475.0",m,heart_rate,"98",bpm,altitude,"47.0",m,speed,"3.203",m/s,cadence,"94",rpm,power,"213",watts,accumulated_power,"33748",watts,step_length,"1010.0",mm,enhanced_altitude,"47.0",m,enhanced_speed,"3.203",m/s,Effort Pace,"3.202",m/s,
Data,9,record,activity_type,"1",,timestamp,"1147265146",s,position_lat,"608361895",semicircles,position_long,"69746037",semicircles,distance,"478.0",m,heart_rate,"98",bpm,altitude,"47.0",m,speed,"3.172",m/s,cadence,"94",rpm,power,"209",watts,accumulated_power,"33957",watts,step_length,"1010.0",mm,enhanced_altitude,"47.0",m,enhanced_speed,"3.172",m/s,Effort Pace,"3.172",m/s,
Data,9,record,activity_type,"1",,timestamp,"1147265147",s,position_lat,"608361691",semicircles,position_long,"69746470",semicircles,distance,"481.5",m,heart_rate,"98",bpm,altitude,"47.0",m,speed,"3.144",m/s,cadence,"93",rpm,power,"207",watts,accumulated_power,"34164",watts,step_length,"1000.0",mm,enhanced_altitude,"47.0",m,enhanced_speed,"3.144",m/s,Effort Pace,"3.144",m/s,
Data,9,record,activity_type,"1",,timestamp,"1147265148",s,position_lat,"608361488",semicircles,position_long,"69746904",semicircles,distance,"485.0",m,heart_rate,"101",bpm,altitude,"47.0",m,speed,"3.119",m/s,cadence,"93",rpm,power,"205",watts,accumulated_power,"34369",watts,step_length,"1000.0",mm,enhanced_altitude,"47.0",m,enhanced_speed,"3.119",m/s,Effort Pace,"3.119",m/s,
Data,9,record,activity_type,"1",,timestamp,"1147265149",s,position_lat,"608361275",semicircles,position_long,"69747341",semicircles,distance,"488.5",m,heart_rate,"101",bpm,altitude,"47.0",m,speed,"3.114",m/s,cadence,"93",rpm,power,"203",watts,accumulated_power,"34572",watts,step_length,"1000.0",mm,enhanced_altitude,"47.0",m,enhanced_speed,"3.114",m/s,Effort Pace,"3.113",m/s,
Data,9,record,activity_type,"1",,timestamp,"1147265150",s,position_lat,"608361063",semicircles,position_long,"69747778",semicircles,distance,"492.0",m,heart_rate,"101",bpm,altitude,"47.0",m,speed,"3.108",m/s,cadence,"93",rpm,power,"202",watts,accumulated_power,"34774",watts,step_length,"1000.0",mm,enhanced_altitude,"47.0",m,enhanced_speed,"3.108",m/s,Effort Pace,"3.108",m/s,
Data,9,record,activity_type,"1",,timestamp,"1147265151",s,position_lat,"608360833",semicircles,position_long,"69748214",semicircles,distance,"495.5",m,heart_rate,"103",bpm,altitude,"47.0",m,speed,"3.108",m/s,cadence,"93",rpm,power,"201",watts,accumulated_power,"34975",watts,step_length,"1000.0",mm,enhanced_altitude,"47.0",m,enhanced_speed,"3.108",m/s,Effort Pace,"3.108",m/s,
Data,9,record,activity_type,"1",,timestamp,"1147265152",s,position_lat,"608360606",semicircles,position_long,"69748651",semicircles,distance,"499.0",m,heart_rate,"103",bpm,altitude,"47.0",m,speed,"3.111",m/s,cadence,"93",rpm,power,"201",watts,accumulated_power,"35176",watts,step_length,"1000.0",mm,enhanced_altitude,"47.0",m,enhanced_speed,"3.111",m/s,Effort Pace,"3.111",m/s,
Data,9,record,activity_type,"1",,timestamp,"1147265153",s,position_lat,"608360365",semicircles,position_long,"69749094",semicircles,distance,"502.0",m,heart_rate,"104",bpm,altitude,"47.0",m,speed,"3.114",m/s,cadence,"93",rpm,power,"201",watts,accumulated_power,"35377",watts,step_length,"1000.0",mm,enhanced_altitude,"47.0",m,enhanced_speed,"3.114",m/s,Effort Pace,"3.113",m/s,
Data,9,record,activity_type,"1",,timestamp,"1147265154",s,position_lat,"608360125",semicircles,position_long,"69749536",semicircles,distance,"505.0",m,heart_rate,"105",bpm,altitude,"47.0",m,speed,"3.119",m/s,cadence,"93",rpm,power,"201",watts,accumulated_power,"35578",watts,step_length,"1000.0",mm,enhanced_altitude,"47.0",m,enhanced_speed,"3.119",m/s,Effort Pace,"3.119",m/s,
Data,9,record,activity_type,"1",,timestamp,"1147265155",s,position_lat,"608359885",semicircles,position_long,"69749979",semicircles,distance,"508.5",m,heart_rate,"106",bpm,altitude,"47.0",m,speed,"3.122",m/s,cadence,"93",rpm,power,"201",watts,accumulated_power,"35779",watts,step_length,"1000.0",mm,enhanced_altitude,"47.0",m,enhanced_speed,"3.122",m/s,Effort Pace,"3.122",m/s,
Data,9,record,activity_type,"1",,timestamp,"1147265156",s,position_lat,"608359645",semicircles,position_long,"69750422",semicircles,distance,"512.0",m,heart_rate,"106",bpm,altitude,"47.0",m,speed,"3.128",m/s,cadence,"94",rpm,power,"202",watts,accumulated_power,"35981",watts,step_length,"1000.0",mm,enhanced_altitude,"47.0",m,enhanced_speed,"3.128",m/s,Effort Pace,"3.127",m/s,
Data,9,record,activity_type,"1",,timestamp,"1147265157",s,position_lat,"608359405",semicircles,position_long,"69750857",semicircles,distance,"515.5",m,heart_rate,"106",bpm,altitude,"47.0",m,speed,"3.142",m/s,cadence,"94",rpm,power,"202",watts,accumulated_power,"36183",watts,step_length,"1000.0",mm,enhanced_altitude,"47.0",m,enhanced_speed,"3.142",m/s,Effort Pace,"3.141",m/s,
Data,9,record,activity_type,"1",,timestamp,"1147265158",s,position_lat,"608359167",semicircles,position_long,"69751293",semicircles,distance,"519.0",m,heart_rate,"108",bpm,altitude,"47.0",m,speed,"3.158",m/s,cadence,"94",rpm,power,"203",watts,accumulated_power,"36386",watts,step_length,"1010.0",mm,enhanced_altitude,"47.0",m,enhanced_speed,"3.158",m/s,Effort Pace,"3.158",m/s,
Data,9,record,activity_type,"1",,timestamp,"1147265159",s,position_lat,"608358965",semicircles,position_long,"69751743",semicircles,distance,"522.0",m,heart_rate,"109",bpm,altitude,"47.0",m,speed,"3.164",m/s,cadence,"94",rpm,power,"203",watts,accumulated_power,"36589",watts,step_length,"1010.0",mm,enhanced_altitude,"47.0",m,enhanced_speed,"3.164",m/s,Effort Pace,"3.163",m/s,
Data,9,record,activity_type,"1",,timestamp,"1147265160",s,position_lat,"608358764",semicircles,position_long,"69752194",semicircles,distance,"525.0",m,heart_rate,"109",bpm,altitude,"47.0",m,speed,"3.172",m/s,cadence,"94",rpm,power,"204",watts,accumulated_power,"36793",watts,step_length,"1010.0",mm,enhanced_altitude,"47.0",m,enhanced_speed,"3.172",m/s,Effort Pace,"3.172",m/s,
Data,9,record,activity_type,"1",,timestamp,"1147265161",s,position_lat,"608358655",semicircles,position_long,"69752703",semicircles,distance,"528.5",m,heart_rate,"109",bpm,altitude,"47.0",m,speed,"3.175",m/s,cadence,"94",rpm,power,"204",watts,accumulated_power,"36997",watts,step_length,"1010.0",mm,enhanced_altitude,"47.0",m,enhanced_speed,"3.175",m/s,Effort Pace,"3.175",m/s,
Data,9,record,activity_type,"1",,timestamp,"1147265162",s,position_lat,"608358546",semicircles,position_long,"69753212",semicircles,distance,"532.0",m,heart_rate,"109",bpm,altitude,"47.0",m,speed,"3.178",m/s,cadence,"94",rpm,power,"205",watts,accumulated_power,"37202",watts,step_length,"1010.0",mm,enhanced_altitude,"47.0",m,enhanced_speed,"3.178",m/s,Effort Pace,"3.177",m/s,
Data,9,record,activity_type,"1",,timestamp,"1147265163",s,position_lat,"608358573",semicircles,position_long,"69753748",semicircles,distance,"535.0",m,heart_rate,"109",bpm,altitude,"47.0",m,speed,"3.189",m/s,cadence,"94",rpm,power,"205",watts,accumulated_power,"37407",watts,step_length,"1010.0",mm,enhanced_altitude,"47.0",m,enhanced_speed,"3.189",m/s,Effort Pace,"3.188",m/s,
Data,9,record,activity_type,"1",,timestamp,"1147265164",s,position_lat,"608358600",semicircles,position_long,"69754285",semicircles,distance,"538.0",m,heart_rate,"109",bpm,altitude,"47.0",m,speed,"3.203",m/s,cadence,"94",rpm,power,"206",watts,accumulated_power,"37613",watts,step_length,"1020.0",mm,enhanced_altitude,"47.0",m,enhanced_speed,"3.203",m/s,Effort Pace,"3.202",m/s,
Data,9,record,activity_type,"1",,timestamp,"1147265165",s,position_lat,"608358769",semicircles,position_long,"69754793",semicircles,distance,"542.0",m,heart_rate,"109",bpm,altitude,"47.0",m,speed,"3.214",m/s,cadence,"94",rpm,power,"206",watts,accumulated_power,"37819",watts,step_length,"1020.0",mm,enhanced_altitude,"47.0",m,enhanced_speed,"3.214",m/s,Effort Pace,"3.213",m/s,
Data,9,record,activity_type,"1",,timestamp,"1147265166",s,position_lat,"608358940",semicircles,position_long,"69755302",semicircles,distance,"546.0",m,heart_rate,"109",bpm,altitude,"47.0",m,speed,"3.225",m/s,cadence,"95",rpm,power,"207",watts,accumulated_power,"38026",watts,step_length,"1020.0",mm,enhanced_altitude,"47.0",m,enhanced_speed,"3.225",m/s,Effort Pace,"3.224",m/s,
Data,9,record,activity_type,"1",,timestamp,"1147265167",s,position_lat,"608359207",semicircles,position_long,"69755753",semicircles,distance,"549.5",m,heart_rate,"111",bpm,altitude,"47.0",m,speed,"3.222",m/s,cadence,"94",rpm,power,"208",watts,accumulated_power,"38234",watts,step_length,"1020.0",mm,enhanced_altitude,"47.0",m,enhanced_speed,"3.222",m/s,Effort Pace,"3.222",m/s,
Data,9,record,activity_type,"1",,timestamp,"1147265168",s,position_lat,"608359475",semicircles,position_long,"69756205",semicircles,distance,"553.0",m,heart_rate,"113",bpm,altitude,"47.0",m,speed,"3.222",m/s,cadence,"94",rpm,power,"209",watts,accumulated_power,"38443",watts,step_length,"1020.0",mm,enhanced_altitude,"47.0",m,enhanced_speed,"3.222",m/s,Effort Pace,"3.222",m/s,
Data,9,record,activity_type,"1",,timestamp,"1147265169",s,position_lat,"608359787",semicircles,position_long,"69756604",semicircles,distance,"556.5",m,heart_rate,"115",bpm,altitude,"47.0",m,speed,"3.211",m/s,cadence,"94",rpm,power,"208",watts,accumulated_power,"38651",watts,step_length,"1020.0",mm,enhanced_altitude,"47.0",m,enhanced_speed,"3.211",m/s,Effort Pace,"3.211",m/s,
Data,9,record,activity_type,"1",,timestamp,"1147265170",s,position_lat,"608360100",semicircles,position_long,"69757002",semicircles,distance,"560.0",m,heart_rate,"115",bpm,altitude,"47.0",m,speed,"3.203",m/s,cadence,"94",rpm,power,"208",watts,accumulated_power,"38859",watts,step_length,"1020.0",mm,enhanced_altitude,"47.0",m,enhanced_speed,"3.203",m/s,Effort Pace,"3.202",m/s,
Data,9,record,activity_type,"1",,timestamp,"1147265171",s,position_lat,"608360423",semicircles,position_long,"69757373",semicircles,distance,"564.0",m,heart_rate,"115",bpm,altitude,"47.0",m,speed,"3.203",m/s,cadence,"93",rpm,power,"207",watts,accumulated_power,"39066",watts,step_length,"1020.0",mm,enhanced_altitude,"47.0",m,enhanced_speed,"3.203",m/s,Effort Pace,"3.202",m/s,
Data,9,record,activity_type,"1",,timestamp,"1147265172",s,position_lat,"608360748",semicircles,position_long,"69757746",semicircles,distance,"568.0",m,heart_rate,"115",bpm,altitude,"47.0",m,speed,"3.203",m/s,cadence,"93",rpm,power,"207",watts,accumulated_power,"39273",watts,step_length,"1020.0",mm,enhanced_altitude,"47.0",m,enhanced_speed,"3.203",m/s,Effort Pace,"3.202",m/s,
Data,9,record,activity_type,"1",,timestamp,"1147265173",s,position_lat,"608361059",semicircles,position_long,"69758119",semicircles,distance,"571.5",m,heart_rate,"115",bpm,altitude,"47.0",m,speed,"3.194",m/s,cadence,"93",rpm,power,"207",watts,accumulated_power,"39480",watts,step_length,"1020.0",mm,enhanced_altitude,"47.0",m,enhanced_speed,"3.194",m/s,Effort Pace,"3.194",m/s,
Data,9,record,activity_type,"1",,timestamp,"1147265174",s,position_lat,"608361370",semicircles,position_long,"69758493",semicircles,distance,"575.0",m,heart_rate,"115",bpm,altitude,"47.0",m,speed,"3.189",m/s,cadence,"94",rpm,power,"207",watts,accumulated_power,"39687",watts,step_length,"1020.0",mm,enhanced_altitude,"47.0",m,enhanced_speed,"3.189",m/s,Effort Pace,"3.188",m/s,
Data,9,record,activity_type,"1",,timestamp,"1147265175",s,position_lat,"608361666",semicircles,position_long,"69758872",semicircles,distance,"578.5",m,heart_rate,"115",bpm,altitude,"47.0",m,speed,"3.206",m/s,cadence,"94",rpm,power,"206",watts,accumulated_power,"39893",watts,step_length,"1020.0",mm,enhanced_altitude,"47.0",m,enhanced_speed,"3.206",m/s,Effort Pace,"3.205",m/s,
Data,9,record,activity_type,"1",,timestamp,"1147265176",s,position_lat,"608361963",semicircles,position_long,"69759253",semicircles,distance,"582.0",m,heart_rate,"115",bpm,altitude,"47.0",m,speed,"3.225",m/s,cadence,"94",rpm,power,"206",watts,accumulated_power,"40099",watts,step_length,"1030.0",mm,enhanced_altitude,"47.0",m,enhanced_speed,"3.225",m/s,Effort Pace,"3.224",m/s,
Data,9,record,activity_type,"1",,timestamp,"1147265177",s,position_lat,"608362257",semicircles,position_long,"69759620",semicircles,distance,"585.5",m,heart_rate,"116",bpm,altitude,"47.0",m,speed,"3.225",m/s,cadence,"94",rpm,power,"207",watts,accumulated_power,"40306",watts,step_length,"1030.0",mm,enhanced_altitude,"47.0",m,enhanced_speed,"3.225",m/s,Effort Pace,"3.224",m/s,
Data,9,record,activity_type,"1",,timestamp,"1147265178",s,position_lat,"608362551",semicircles,position_long,"69759987",semicircles,distance,"589.0",m,heart_rate,"117",bpm,altitude,"46.0",m,speed,"3.225",m/s,cadence,"94",rpm,power,"209",watts,accumulated_power,"40515",watts,step_length,"1040.0",mm,enhanced_altitude,"46.0",m,enhanced_speed,"3.225",m/s,Effort Pace,"3.224",m/s,
Data,9,record,activity_type,"1",,timestamp,"1147265179",s,position_lat,"608362850",semicircles,position_long,"69760339",semicircles,distance,"592.5",m,heart_rate,"117",bpm,altitude,"46.0",m,speed,"3.25",m/s,cadence,"93",rpm,power,"209",watts,accumulated_power,"40724",watts,step_length,"1040.0",mm,enhanced_altitude,"46.0",m,enhanced_speed,"3.25",m/s,Effort Pace,"3.252",m/s,
Data,9,record,activity_type,"1",,timestamp,"1147265180",s,position_lat,"608363149",semicircles,position_long,"69760691",semicircles,distance,"596.0",m,heart_rate,"117",bpm,altitude,"46.0",m,speed,"3.278",m/s,cadence,"93",rpm,power,"209",watts,accumulated_power,"40933",watts,step_length,"1050.0",mm,enhanced_altitude,"46.0",m,enhanced_speed,"3.278",m/s,Effort Pace,"3.28",m/s,
Data,9,record,activity_type,"1",,timestamp,"1147265181",s,position_lat,"608363444",semicircles,position_long,"69761044",semicircles,distance,"599.0",m,heart_rate,"117",bpm,altitude,"46.0",m,speed,"3.272",m/s,cadence,"93",rpm,power,"210",watts,accumulated_power,"41143",watts,step_length,"1050.0",mm,enhanced_altitude,"46.0",m,enhanced_speed,"3.272",m/s,Effort Pace,"3.272",m/s,
Data,9,record,activity_type,"1",,timestamp,"1147265182",s,position_lat,"608363740",semicircles,position_long,"69761399",semicircles,distance,"602.0",m,heart_rate,"117",bpm,altitude,"46.0",m,speed,"3.267",m/s,cadence,"93",rpm,power,"212",watts,accumulated_power,"41355",watts,step_length,"1050.0",mm,enhanced_altitude,"46.0",m,enhanced_speed,"3.267",m/s,Effort Pace,"3.266",m/s,
Data,9,record,activity_type,"1",,timestamp,"1147265183",s,position_lat,"608364028",semicircles,position_long,"69761767",semicircles,distance,"605.5",m,heart_rate,"117",bpm,altitude,"46.0",m,speed,"3.283",m/s,cadence,"93",rpm,power,"212",watts,accumulated_power,"41567",watts,step_length,"1050.0",mm,enhanced_altitude,"46.0",m,enhanced_speed,"3.283",m/s,Effort Pace,"3.283",m/s,
Data,9,record,activity_type,"1",,timestamp,"1147265184",s,position_lat,"608364318",semicircles,position_long,"69762136",semicircles,distance,"609.0",m,heart_rate,"117",bpm,altitude,"46.0",m,speed,"3.303",m/s,cadence,"94",rpm,power,"212",watts,accumulated_power,"41779",watts,step_length,"1050.0",mm,enhanced_altitude,"46.0",m,enhanced_speed,"3.303",m/s,Effort Pace,"3.302",m/s,
Data,9,record,activity_type,"1",,timestamp,"1147265185",s,position_lat,"608364595",semicircles,position_long,"69762514",semicircles,distance,"612.5",m,heart_rate,"117",bpm,altitude,"46.0",m,speed,"3.319",m/s,cadence,"94",rpm,power,"213",watts,accumulated_power,"41992",watts,step_length,"1060.0",mm,enhanced_altitude,"46.0",m,enhanced_speed,"3.319",m/s,Effort Pace,"3.319",m/s,
Data,9,record,activity_type,"1",,timestamp,"1147265186",s,position_lat,"608364872",semicircles,position_long,"69762893",semicircles,distance,"616.0",m,heart_rate,"117",bpm,altitude,"46.0",m,speed,"3.336",m/s,cadence,"94",rpm,power,"214",watts,accumulated_power,"42206",watts,step_length,"1070.0",mm,enhanced_altitude,"46.0",m,enhanced_speed,"3.336",m/s,Effort Pace,"3.336",m/s,
Data,9,record,activity_type,"1",,timestamp,"1147265187",s,position_lat,"608365132",semicircles,position_long,"69763267",semicircles,distance,"619.0",m,heart_rate,"117",bpm,altitude,"46.0",m,speed,"3.336",m/s,cadence,"94",rpm,power,"215",watts,accumulated_power,"42421",watts,step_length,"1070.0",mm,enhanced_altitude,"46.0",m,enhanced_speed,"3.336",m/s,Effort Pace,"3.336",m/s,
Data,9,record,activity_type,"1",,timestamp,"1147265188",s,position_lat,"608365392",semicircles,position_long,"69763642",semicircles,distance,"622.0",m,heart_rate,"117",bpm,altitude,"46.0",m,speed,"3.339",m/s,cadence,"94",rpm,power,"216",watts,accumulated_power,"42637",watts,step_length,"1070.0",mm,enhanced_altitude,"46.0",m,enhanced_speed,"3.339",m/s,Effort Pace,"3.338",m/s,
Data,9,record,activity_type,"1",,timestamp,"1147265189",s,position_lat,"608365647",semicircles,position_long,"69764010",semicircles,distance,"625.5",m,heart_rate,"117",bpm,altitude,"46.0",m,speed,"3.347",m/s,cadence,"94",rpm,power,"216",watts,accumulated_power,"42853",watts,step_length,"1070.0",mm,enhanced_altitude,"46.0",m,enhanced_speed,"3.347",m/s,Effort Pace,"3.347",m/s,
Data,9,record,activity_type,"1",,timestamp,"1147265190",s,position_lat,"608365904",semicircles,position_long,"69764379",semicircles,distance,"629.0",m,heart_rate,"117",bpm,altitude,"46.0",m,speed,"3.358",m/s,cadence,"94",rpm,power,"216",watts,accumulated_power,"43069",watts,step_length,"1070.0",mm,enhanced_altitude,"46.0",m,enhanced_speed,"3.358",m/s,Effort Pace,"3.358",m/s,
Data,9,record,activity_type,"1",,timestamp,"1147265191",s,position_lat,"608366166",semicircles,position_long,"69764738",semicircles,distance,"632.0",m,heart_rate,"117",bpm,altitude,"46.0",m,speed,"3.344",m/s,cadence,"94",rpm,power,"216",watts,accumulated_power,"43285",watts,step_length,"1060.0",mm,enhanced_altitude,"46.0",m,enhanced_speed,"3.344",m/s,Effort Pace,"3.283",m/s,
Data,9,record,activity_type,"1",,timestamp,"1147265192",s,position_lat,"608366429",semicircles,position_long,"69765097",semicircles,distance,"635.0",m,heart_rate,"117",bpm,altitude,"46.0",m,speed,"3.331",m/s,cadence,"94",rpm,power,"217",watts,accumulated_power,"43502",watts,step_length,"1060.0",mm,enhanced_altitude,"46.0",m,enhanced_speed,"3.331",m/s,Effort Pace,"3.208",m/s,
Data,9,record,activity_type,"1",,timestamp,"1147265193",s,position_lat,"608366696",semicircles,position_long,"69765460",semicircles,distance,"638.5",m,heart_rate,"117",bpm,altitude,"46.0",m,speed,"3.325",m/s,cadence,"93",rpm,power,"211",watts,accumulated_power,"43713",watts,step_length,"1060.0",mm,enhanced_altitude,"46.0",m,enhanced_speed,"3.325",m/s,Effort Pace,"3.263",m/s,
Data,9,record,activity_type,"1",,timestamp,"1147265194",s,position_lat,"608366965",semicircles,position_long,"69765823",semicircles,distance,"642.0",m,heart_rate,"117",bpm,altitude,"46.0",m,speed,"3.322",m/s,cadence,"93",rpm,power,"206",watts,accumulated_power,"43919",watts,step_length,"1060.0",mm,enhanced_altitude,"46.0",m,enhanced_speed,"3.322",m/s,Effort Pace,"3.322",m/s,
Data,9,record,activity_type,"1",,timestamp,"1147265195",s,position_lat,"608367238",semicircles,position_long,"69766189",semicircles,distance,"645.5",m,heart_rate,"117",bpm,altitude,"46.0",m,speed,"3.308",m/s,cadence,"93",rpm,power,"205",watts,accumulated_power,"44124",watts,step_length,"1060.0",mm,enhanced_altitude,"46.0",m,enhanced_speed,"3.308",m/s,Effort Pace,"3.308",m/s,
Data,9,record,activity_type,"1",,timestamp,"1147265196",s,position_lat,"608367512",semicircles,position_long,"69766556",semicircles,distance,"649.0",m,heart_rate,"117",bpm,altitude,"46.0",m,speed,"3.294",m/s,cadence,"93",rpm,power,"205",watts,accumulated_power,"44329",watts,step_length,"1060.0",mm,enhanced_altitude,"46.0",m,enhanced_speed,"3.294",m/s,Effort Pace,"3.294",m/s,
Data,9,record,activity_type,"1",,timestamp,"1147265197",s,position_lat,"608367779",semicircles,position_long,"69766920",semicircles,distance,"652.0",m,heart_rate,"119",bpm,altitude,"46.0",m,speed,"3.289",m/s,cadence,"93",rpm,power,"204",watts,accumulated_power,"44533",watts,step_length,"1060.0",mm,enhanced_altitude,"46.0",m,enhanced_speed,"3.289",m/s,Effort Pace,"3.288",m/s,
Data,9,record,activity_type,"1",,timestamp,"1147265198",s,position_lat,"608368048",semicircles,position_long,"69767284",semicircles,distance,"655.0",m,heart_rate,"120",bpm,altitude,"46.0",m,speed,"3.286",m/s,cadence,"93",rpm,power,"203",watts,accumulated_power,"44736",watts,step_length,"1060.0",mm,enhanced_altitude,"46.0",m,enhanced_speed,"3.286",m/s,Effort Pace,"3.286",m/s,
Data,9,record,activity_type,"1",,timestamp,"1147265199",s,position_lat,"608368309",semicircles,position_long,"69767634",semicircles,distance,"658.0",m,heart_rate,"120",bpm,altitude,"46.0",m,speed,"3.272",m/s,cadence,"93",rpm,power,"208",watts,accumulated_power,"44944",watts,step_length,"1050.0",mm,enhanced_altitude,"46.0",m,enhanced_speed,"3.272",m/s,Effort Pace,"3.272",m/s,
Data,9,record,activity_type,"1",,timestamp,"1147265200",s,position_lat,"608368570",semicircles,position_long,"69767984",semicircles,distance,"661.0",m,heart_rate,"120",bpm,altitude,"46.0",m,speed,"3.258",m/s,cadence,"93",rpm,power,"213",watts,accumulated_power,"45157",watts,step_length,"1050.0",mm,enhanced_altitude,"46.0",m,enhanced_speed,"3.258",m/s,Effort Pace,"3.258",m/s,
Data,9,record,activity_type,"1",,timestamp,"1147265201",s,position_lat,"608368838",semicircles,position_long,"69768281",semicircles,distance,"664.0",m,heart_rate,"120",bpm,altitude,"46.0",m,speed,"3.253",m/s,cadence,"92",rpm,power,"212",watts,accumulated_power,"45369",watts,step_length,"1050.0",mm,enhanced_altitude,"46.0",m,enhanced_speed,"3.253",m/s,Effort Pace,"3.252",m/s,
Data,9,record,activity_type,"1",,timestamp,"1147265202",s,position_lat,"608369106",semicircles,position_long,"69768580",semicircles,distance,"667.0",m,heart_rate,"120",bpm,altitude,"46.0",m,speed,"3.247",m/s,cadence,"92",rpm,power,"211",watts,accumulated_power,"45580",watts,step_length,"1050.0",mm,enhanced_altitude,"46.0",m,enhanced_speed,"3.247",m/s,Effort Pace,"3.247",m/s,
Data,9,record,activity_type,"1",,timestamp,"1147265203",s,position_lat,"608369379",semicircles,position_long,"69768761",semicircles,distance,"669.5",m,heart_rate,"120",bpm,altitude,"46.0",m,speed,"3.228",m/s,cadence,"92",rpm,power,"210",watts,accumulated_power,"45790",watts,step_length,"1040.0",mm,enhanced_altitude,"46.0",m,enhanced_speed,"3.228",m/s,Effort Pace,"3.227",m/s,
Data,9,record,activity_type,"1",,timestamp,"1147265204",s,position_lat,"608369654",semicircles,position_long,"69768944",semicircles,distance,"672.0",m,heart_rate,"120",bpm,altitude,"46.0",m,speed,"3.211",m/s,cadence,"91",rpm,power,"210",watts,accumulated_power,"46000",watts,step_length,"1040.0",mm,enhanced_altitude,"46.0",m,enhanced_speed,"3.211",m/s,Effort Pace,"3.211",m/s,
Data,9,record,activity_type,"1",,timestamp,"1147265205",s,position_lat,"608369920",semicircles,position_long,"69768977",semicircles,distance,"674.5",m,heart_rate,"120",bpm,altitude,"46.0",m,speed,"3.169",m/s,cadence,"91",rpm,power,"209",watts,accumulated_power,"46209",watts,step_length,"1030.0",mm,enhanced_altitude,"46.0",m,enhanced_speed,"3.169",m/s,Effort Pace,"3.169",m/s,
Data,9,record,activity_type,"1",,timestamp,"1147265206",s,position_lat,"608370187",semicircles,position_long,"69769012",semicircles,distance,"677.0",m,heart_rate,"120",bpm,altitude,"46.0",m,speed,"3.128",m/s,cadence,"90",rpm,power,"208",watts,accumulated_power,"46417",watts,step_length,"1030.0",mm,enhanced_altitude,"46.0",m,enhanced_speed,"3.128",m/s,Effort Pace,"3.127",m/s,
Data,9,record,activity_type,"1",,timestamp,"1147265207",s,position_lat,"608370428",semicircles,position_long,"69768879",semicircles,distance,"679.5",m,heart_rate,"120",bpm,altitude,"46.0",m,speed,"3.086",m/s,cadence,"90",rpm,power,"205",watts,accumulated_power,"46622",watts,step_length,"1020.0",mm,enhanced_altitude,"46.0",m,enhanced_speed,"3.086",m/s,Effort Pace,"3.086",m/s,
Data,9,record,activity_type,"1",,timestamp,"1147265208",s,position_lat,"608370670",semicircles,position_long,"69768747",semicircles,distance,"682.0",m,heart_rate,"120",bpm,altitude,"46.0",m,speed,"3.047",m/s,cadence,"89",rpm,power,"203",watts,accumulated_power,"46825",watts,step_length,"1020.0",mm,enhanced_altitude,"46.0",m,enhanced_speed,"3.047",m/s,Effort Pace,"3.047",m/s,
Data,9,record,activity_type,"1",,timestamp,"1147265209",s,position_lat,"608370890",semicircles,position_long,"69768474",semicircles,distance,"685.0",m,heart_rate,"120",bpm,altitude,"46.0",m,speed,"3.017",m/s,cadence,"89",rpm,power,"200",watts,accumulated_power,"47025",watts,step_length,"1010.0",mm,enhanced_altitude,"46.0",m,enhanced_speed,"3.017",m/s,Effort Pace,"3.016",m/s,
Data,9,record,activity_type,"1",,timestamp,"1147265210",s,position_lat,"608371110",semicircles,position_long,"69768200",semicircles,distance,"688.0",m,heart_rate,"121",bpm,altitude,"46.0",m,speed,"2.986",m/s,cadence,"89",rpm,power,"197",watts,accumulated_power,"47222",watts,step_length,"1000.0",mm,enhanced_altitude,"46.0",m,enhanced_speed,"2.986",m/s,Effort Pace,"2.986",m/s,
Data,9,record,activity_type,"1",,timestamp,"1147265211",s,position_lat,"608371300",semicircles,position_long,"69767845",semicircles,distance,"690.5",m,heart_rate,"121",bpm,altitude,"46.0",m,speed,"2.972",m/s,cadence,"89",rpm,power,"195",watts,accumulated_power,"47417",watts,step_length,"990.0",mm,enhanced_altitude,"46.0",m,enhanced_speed,"2.972",m/s,Effort Pace,"2.972",m/s,
Data,9,record,activity_type,"1",,timestamp,"1147265212",s,position_lat,"608371490",semicircles,position_long,"69767489",semicircles,distance,"693.0",m,heart_rate,"123",bpm,altitude,"46.0",m,speed,"2.958",m/s,cadence,"89",rpm,power,"193",watts,accumulated_power,"47610",watts,step_length,"990.0",mm,enhanced_altitude,"46.0",m,enhanced_speed,"2.958",m/s,Effort Pace,"2.958",m/s,
Data,9,record,activity_type,"1",,timestamp,"1147265213",s,position_lat,"608371663",semicircles,position_long,"69767088",semicircles,distance,"696.0",m,heart_rate,"124",bpm,altitude,"46.0",m,speed,"2.95",m/s,cadence,"89",rpm,power,"192",watts,accumulated_power,"47802",watts,step_length,"990.0",mm,enhanced_altitude,"46.0",m,enhanced_speed,"2.95",m/s,Effort Pace,"2.949",m/s,
Data,9,record,activity_type,"1",,timestamp,"1147265214",s,position_lat,"608371837",semicircles,position_long,"69766688",semicircles,distance,"699.0",m,heart_rate,"125",bpm,altitude,"46.0",m,speed,"2.942",m/s,cadence,"90",rpm,power,"192",watts,accumulated_power,"47994",watts,step_length,"990.0",mm,enhanced_altitude,"46.0",m,enhanced_speed,"2.942",m/s,Effort Pace,"2.941",m/s,
Data,9,record,activity_type,"1",,timestamp,"1147265215",s,position_lat,"608372009",semicircles,position_long,"69766288",semicircles,distance,"702.0",m,heart_rate,"127",bpm,altitude,"46.0",m,speed,"2.953",m/s,cadence,"90",rpm,power,"191",watts,accumulated_power,"48185",watts,step_length,"980.0",mm,enhanced_altitude,"46.0",m,enhanced_speed,"2.953",m/s,Effort Pace,"2.952",m/s,
Data,9,record,activity_type,"1",,timestamp,"1147265216",s,position_lat,"608372182",semicircles,position_long,"69765888",semicircles,distance,"705.0",m,heart_rate,"128",bpm,altitude,"46.0",m,speed,"2.967",m/s,cadence,"90",rpm,power,"190",watts,accumulated_power,"48375",watts,step_length,"980.0",mm,enhanced_altitude,"46.0",m,enhanced_speed,"2.967",m/s,Effort Pace,"2.966",m/s,
Data,9,record,activity_type,"1",,timestamp,"1147265217",s,position_lat,"608372377",semicircles,position_long,"69765486",semicircles,distance,"708.0",m,heart_rate,"130",bpm,altitude,"46.0",m,speed,"2.975",m/s,cadence,"90",rpm,power,"191",watts,accumulated_power,"48566",watts,step_length,"980.0",mm,enhanced_altitude,"46.0",m,enhanced_speed,"2.975",m/s,Effort Pace,"2.975",m/s,
Data,9,record,activity_type,"1",,timestamp,"1147265218",s,position_lat,"608372574",semicircles,position_long,"69765084",semicircles,distance,"711.0",m,heart_rate,"131",bpm,altitude,"46.0",m,speed,"2.986",m/s,cadence,"91",rpm,power,"192",watts,accumulated_power,"48758",watts,step_length,"980.0",mm,enhanced_altitude,"46.0",m,enhanced_speed,"2.986",m/s,Effort Pace,"2.986",m/s,
Data,9,record,activity_type,"1",,timestamp,"1147265219",s,position_lat,"608372788",semicircles,position_long,"69764694",semicircles,distance,"714.0",m,heart_rate,"132",bpm,altitude,"46.0",m,speed,"3.008",m/s,cadence,"91",rpm,power,"192",watts,accumulated_power,"48950",watts,step_length,"980.0",mm,enhanced_altitude,"46.0",m,enhanced_speed,"3.008",m/s,Effort Pace,"3.008",m/s,
Data,9,record,activity_type,"1",,timestamp,"1147265220",s,position_lat,"608373003",semicircles,position_long,"69764304",semicircles,distance,"717.0",m,heart_rate,"133",bpm,altitude,"46.0",m,speed,"3.031",m/s,cadence,"92",rpm,power,"193",watts,accumulated_power,"49143",watts,step_length,"990.0",mm,enhanced_altitude,"46.0",m,enhanced_speed,"3.031",m/s,Effort Pace,"3.03",m/s,
Data,9,record,activity_type,"1",,timestamp,"1147265221",s,position_lat,"608373227",semicircles,position_long,"69763911",semicircles,distance,"720.0",m,heart_rate,"135",bpm,altitude,"46.0",m,speed,"3.044",m/s,cadence,"92",rpm,power,"194",watts,accumulated_power,"49337",watts,step_length,"990.0",mm,enhanced_altitude,"46.0",m,enhanced_speed,"3.044",m/s,Effort Pace,"3.044",m/s,
Data,9,record,activity_type,"1",,timestamp,"1147265222",s,position_lat,"608373451",semicircles,position_long,"69763520",semicircles,distance,"723.0",m,heart_rate,"136",bpm,altitude,"46.0",m,speed,"3.058",m/s,cadence,"92",rpm,power,"196",watts,accumulated_power,"49533",watts,step_length,"1000.0",mm,enhanced_altitude,"46.0",m,enhanced_speed,"3.058",m/s,Effort Pace,"3.058",m/s,
Data,9,record,activity_type,"1",,timestamp,"1147265223",s,position_lat,"608373666",semicircles,position_long,"69763141",semicircles,distance,"726.0",m,heart_rate,"137",bpm,altitude,"45.0",m,speed,"3.067",m/s,cadence,"92",rpm,power,"197",watts,accumulated_power,"49730",watts,step_length,"1000.0",mm,enhanced_altitude,"45.0",m,enhanced_speed,"3.067",m/s,Effort Pace,"3.066",m/s,
Data,9,record,activity_type,"1",,timestamp,"1147265224",s,position_lat,"608373882",semicircles,position_long,"69762762",semicircles,distance,"729.0",m,heart_rate,"138",bpm,altitude,"45.0",m,speed,"3.075",m/s,cadence,"92",rpm,power,"198",watts,accumulated_power,"49928",watts,step_length,"1000.0",mm,enhanced_altitude,"45.0",m,enhanced_speed,"3.075",m/s,Effort Pace,"3.074",m/s,
Data,9,record,activity_type,"1",,timestamp,"1147265225",s,position_lat,"608374107",semicircles,position_long,"69762391",semicircles,distance,"732.0",m,heart_rate,"139",bpm,altitude,"45.0",m,speed,"3.078",m/s,cadence,"92",rpm,power,"198",watts,accumulated_power,"50126",watts,step_length,"1000.0",mm,enhanced_altitude,"45.0",m,enhanced_speed,"3.078",m/s,Effort Pace,"3.077",m/s,
Data,9,record,activity_type,"1",,timestamp,"1147265226",s,position_lat,"608374334",semicircles,position_long,"69762022",semicircles,distance,"735.0",m,heart_rate,"140",bpm,altitude,"45.0",m,speed,"3.083",m/s,cadence,"92",rpm,power,"199",watts,accumulated_power,"50325",watts,step_length,"1010.0",mm,enhanced_altitude,"45.0",m,enhanced_speed,"3.083",m/s,Effort Pace,"3.083",m/s,
Data,9,record,activity_type,"1",,timestamp,"1147265227",s,position_lat,"608374582",semicircles,position_long,"69761721",semicircles,distance,"737.5",m,heart_rate,"141",bpm,altitude,"45.0",m,speed,"3.078",m/s,cadence,"91",rpm,power,"199",watts,accumulated_power,"50524",watts,step_length,"1010.0",mm,enhanced_altitude,"45.0",m,enhanced_speed,"3.078",m/s,Effort Pace,"3.077",m/s,
Data,9,record,activity_type,"1",,timestamp,"1147265228",s,position_lat,"608374830",semicircles,position_long,"69761421",semicircles,distance,"740.0",m,heart_rate,"141",bpm,altitude,"45.0",m,speed,"3.072",m/s,cadence,"91",rpm,power,"199",watts,accumulated_power,"50723",watts,step_length,"1010.0",mm,enhanced_altitude,"45.0",m,enhanced_speed,"3.072",m/s,Effort Pace,"3.072",m/s,
Data,9,record,activity_type,"1",,timestamp,"1147265229",s,position_lat,"608375078",semicircles,position_long,"69761200",semicircles,distance,"742.5",m,heart_rate,"141",bpm,altitude,"45.0",m,speed,"3.047",m/s,cadence,"90",rpm,power,"199",watts,accumulated_power,"50922",watts,step_length,"1000.0",mm,enhanced_altitude,"45.0",m,enhanced_speed,"3.047",m/s,Effort Pace,"3.047",m/s,
Data,9,record,activity_type,"1",,timestamp,"1147265230",s,position_lat,"608375328",semicircles,position_long,"69760979",semicircles,distance,"745.0",m,heart_rate,"140",bpm,altitude,"45.0",m,speed,"3.025",m/s,cadence,"90",rpm,power,"199",watts,accumulated_power,"51121",watts,step_length,"1000.0",mm,enhanced_altitude,"45.0",m,enhanced_speed,"3.025",m/s,Effort Pace,"3.025",m/s,
Data,9,record,activity_type,"1",,timestamp,"1147265231",s,position_lat,"608375550",semicircles,position_long,"69760770",semicircles,distance,"747.5",m,heart_rate,"140",bpm,altitude,"45.0",m,speed,"2.981",m/s,cadence,"89",rpm,power,"197",watts,accumulated_power,"51318",watts,step_length,"990.0",mm,enhanced_altitude,"45.0",m,enhanced_speed,"2.981",m/s,Effort Pace,"2.98",m/s,
Data,9,record,activity_type,"1",,timestamp,"1147265232",s,position_lat,"608375773",semicircles,position_long,"69760562",semicircles,distance,"750.0",m,heart_rate,"139",bpm,altitude,"45.0",m,speed,"2.939",m/s,cadence,"89",rpm,power,"196",watts,accumulated_power,"51514",watts,step_length,"990.0",mm,enhanced_altitude,"45.0",m,enhanced_speed,"2.939",m/s,Effort Pace,"2.938",m/s,
Data,9,record,activity_type,"1",,timestamp,"1147265233",s,position_lat,"608375983",semicircles,position_long,"69760337",semicircles,distance,"752.5",m,heart_rate,"139",bpm,altitude,"45.0",m,speed,"2.908",m/s,cadence,"88",rpm,power,"193",watts,accumulated_power,"51707",watts,step_length,"980.0",mm,enhanced_altitude,"45.0",m,enhanced_speed,"2.908",m/s,Effort Pace,"2.908",m/s,
Data,9,record,activity_type,"1",,timestamp,"1147265234",s,position_lat,"608376194",semicircles,position_long,"69760112",semicircles,distance,"755.0",m,heart_rate,"139",bpm,altitude,"45.0",m,speed,"2.881",m/s,cadence,"88",rpm,power,"190",watts,accumulated_power,"51897",watts,step_length,"980.0",mm,enhanced_altitude,"45.0",m,enhanced_speed,"2.881",m/s,Effort Pace,"2.88",m/s,
Data,9,record,activity_type,"1",,timestamp,"1147265235",s,position_lat,"608376410",semicircles,position_long,"69759857",semicircles,distance,"757.5",m,heart_rate,"139",bpm,altitude,"45.0",m,speed,"2.867",m/s,cadence,"88",rpm,power,"188",watts,accumulated_power,"52085",watts,step_length,"970.0",mm,enhanced_altitude,"45.0",m,enhanced_speed,"2.867",m/s,Effort Pace,"2.866",m/s,
Data,9,record,activity_type,"1",,timestamp,"1147265236",s,position_lat,"608376626",semicircles,position_long,"69759603",semicircles,distance,"760.0",m,heart_rate,"139",bpm,altitude,"45.0",m,speed,"2.853",m/s,cadence,"88",rpm,power,"186",watts,accumulated_power,"52271",watts,step_length,"970.0",mm,enhanced_altitude,"45.0",m,enhanced_speed,"2.853",m/s,Effort Pace,"2.852",m/s,
Data,9,record,activity_type,"1",,timestamp,"1147265237",s,position_lat,"608376847",semicircles,position_long,"69759329",semicircles,distance,"762.5",m,heart_rate,"139",bpm,altitude,"45.0",m,speed,"2.842",m/s,cadence,"88",rpm,power,"185",watts,accumulated_power,"52456",watts,step_length,"960.0",mm,enhanced_altitude,"45.0",m,enhanced_speed,"2.842",m/s,Effort Pace,"2.841",m/s,
Data,9,record,activity_type,"1",,timestamp,"1147265238",s,position_lat,"608377068",semicircles,position_long,"69759056",semicircles,distance,"765.0",m,heart_rate,"139",bpm,altitude,"45.0",m,speed,"2.833",m/s,cadence,"89",rpm,power,"184",watts,accumulated_power,"52640",watts,step_length,"960.0",mm,enhanced_altitude,"45.0",m,enhanced_speed,"2.833",m/s,Effort Pace,"2.833",m/s,
Data,9,record,activity_type,"1",,timestamp,"1147265239",s,position_lat,"608377301",semicircles,position_long,"69758772",semicircles,distance,"768.0",m,heart_rate,"138",bpm,altitude,"45.0",m,speed,"2.831",m/s,cadence,"89",rpm,power,"183",watts,accumulated_power,"52823",watts,step_length,"950.0",mm,enhanced_altitude,"45.0",m,enhanced_speed,"2.831",m/s,Effort Pace,"2.83",m/s,
Data,9,record,activity_type,"1",,timestamp,"1147265240",s,position_lat,"608377534",semicircles,position_long,"69758488",semicircles,distance,"771.0",m,heart_rate,"138",bpm,altitude,"45.0",m,speed,"2.831",m/s,cadence,"89",rpm,power,"183",watts,accumulated_power,"53006",watts,step_length,"950.0",mm,enhanced_altitude,"45.0",m,enhanced_speed,"2.831",m/s,Effort Pace,"2.83",m/s,
Data,9,record,activity_type,"1",,timestamp,"1147265241",s,position_lat,"608377785",semicircles,position_long,"69758194",semicircles,distance,"774.0",m,heart_rate,"137",bpm,altitude,"45.0",m,speed,"2.833",m/s,cadence,"89",rpm,power,"183",watts,accumulated_power,"53189",watts,step_length,"950.0",mm,enhanced_altitude,"45.0",m,enhanced_speed,"2.833",m/s,Effort Pace,"2.833",m/s,
Data,9,record,activity_type,"1",,timestamp,"1147265242",s,position_lat,"608378037",semicircles,position_long,"69757902",semicircles,distance,"777.0",m,heart_rate,"136",bpm,altitude,"45.0",m,speed,"2.839",m/s,cadence,"90",rpm,power,"183",watts,accumulated_power,"53372",watts,step_length,"950.0",mm,enhanced_altitude,"45.0",m,enhanced_speed,"2.839",m/s,Effort Pace,"2.838",m/s,
Data,9,record,activity_type,"1",,timestamp,"1147265243",s,position_lat,"608378312",semicircles,position_long,"69757635",semicircles,distance,"780.0",m,heart_rate,"136",bpm,altitude,"45.0",m,speed,"2.858",m/s,cadence,"90",rpm,power,"183",watts,accumulated_power,"53555",watts,step_length,"950.0",mm,enhanced_altitude,"45.0",m,enhanced_speed,"2.858",m/s,Effort Pace,"2.858",m/s,
Data,9,record,activity_type,"1",,timestamp,"1147265244",s,position_lat,"608378587",semicircles,position_long,"69757369",semicircles,distance,"783.0",m,heart_rate,"135",bpm,altitude,"45.0",m,speed,"2.881",m/s,cadence,"91",rpm,power,"184",watts,accumulated_power,"53739",watts,step_length,"960.0",mm,enhanced_altitude,"45.0",m,enhanced_speed,"2.881",m/s,Effort Pace,"2.88",m/s,
Data,9,record,activity_type,"1",,timestamp,"1147265245",s,position_lat,"608378894",semicircles,position_long,"69757264",semicircles,distance,"786.0",m,heart_rate,"135",bpm,altitude,"45.0",m,speed,"2.919",m/s,cadence,"92",rpm,power,"185",watts,accumulated_power,"53924",watts,step_length,"960.0",mm,enhanced_altitude,"45.0",m,enhanced_speed,"2.919",m/s,Effort Pace,"2.919",m/s,
Data,9,record,activity_type,"1",,timestamp,"1147265246",s,position_lat,"608379200",semicircles,position_long,"69757160",semicircles,distance,"789.0",m,heart_rate,"136",bpm,altitude,"45.0",m,speed,"2.958",m/s,cadence,"92",rpm,power,"186",watts,accumulated_power,"54110",watts,step_length,"970.0",mm,enhanced_altitude,"45.0",m,enhanced_speed,"2.958",m/s,Effort Pace,"2.958",m/s,
Data,9,record,activity_type,"1",,timestamp,"1147265247",s,position_lat,"608379508",semicircles,position_long,"69757300",semicircles,distance,"792.5",m,heart_rate,"136",bpm,altitude,"45.0",m,speed,"2.992",m/s,cadence,"92",rpm,power,"189",watts,accumulated_power,"54299",watts,step_length,"970.0",mm,enhanced_altitude,"45.0",m,enhanced_speed,"2.992",m/s,Effort Pace,"2.991",m/s,
Data,9,record,activity_type,"1",,timestamp,"1147265248",s,position_lat,"608379817",semicircles,position_long,"69757439",semicircles,distance,"796.0",m,heart_rate,"137",bpm,altitude,"45.0",m,speed,"3.025",m/s,cadence,"92",rpm,power,"192",watts,accumulated_power,"54491",watts,step_length,"980.0",mm,enhanced_altitude,"45.0",m,enhanced_speed,"3.025",m/s,Effort Pace,"3.025",m/s,
Data,9,record,activity_type,"1",,timestamp,"1147265249",s,position_lat,"608380105",semicircles,position_long,"69757717",semicircles,distance,"799.0",m,heart_rate,"137",bpm,altitude,"45.0",m,speed,"3.017",m/s,cadence,"92",rpm,power,"194",watts,accumulated_power,"54685",watts,step_length,"980.0",mm,enhanced_altitude,"45.0",m,enhanced_speed,"3.017",m/s,Effort Pace,"3.016",m/s,
Data,9,record,activity_type,"1",,timestamp,"1147265250",s,position_lat,"608380393",semicircles,position_long,"69757995",semicircles,distance,"802.0",m,heart_rate,"137",bpm,altitude,"45.0",m,speed,"3.011",m/s,cadence,"92",rpm,power,"196",watts,accumulated_power,"54881",watts,step_length,"980.0",mm,enhanced_altitude,"45.0",m,enhanced_speed,"3.011",m/s,Effort Pace,"3.011",m/s,
Data,9,record,activity_type,"1",,timestamp,"1147265251",s,position_lat,"608380664",semicircles,position_long,"69758218",semicircles,distance,"804.0",m,heart_rate,"136",bpm,altitude,"45.0",m,speed,"3.008",m/s,cadence,"91",rpm,power,"195",watts,accumulated_power,"55076",watts,step_length,"980.0",mm,enhanced_altitude,"45.0",m,enhanced_speed,"3.008",m/s,Effort Pace,"3.008",m/s,
Data,9,record,activity_type,"1",,timestamp,"1147265252",s,position_lat,"608380935",semicircles,position_long,"69758442",semicircles,distance,"806.0",m,heart_rate,"135",bpm,altitude,"45.0",m,speed,"3.008",m/s,cadence,"91",rpm,power,"195",watts,accumulated_power,"55271",watts,step_length,"980.0",mm,enhanced_altitude,"45.0",m,enhanced_speed,"3.008",m/s,Effort Pace,"3.008",m/s,
Data,9,record,activity_type,"1",,timestamp,"1147265253",s,position_lat,"608381140",semicircles,position_long,"69758521",semicircles,distance,"807.0",m,heart_rate,"134",bpm,altitude,"45.0",m,speed,"2.978",m/s,cadence,"91",rpm,power,"195",watts,accumulated_power,"55466",watts,step_length,"970.0",mm,enhanced_altitude,"45.0",m,enhanced_speed,"2.978",m/s,Effort Pace,"2.977",m/s,
Data,9,record,activity_type,"1",,timestamp,"1147265254",s,position_lat,"608381345",semicircles,position_long,"69758600",semicircles,distance,"808.0",m,heart_rate,"134",bpm,altitude,"45.0",m,speed,"2.947",m/s,cadence,"91",rpm,power,"195",watts,accumulated_power,"55661",watts,step_length,"970.0",mm,enhanced_altitude,"45.0",m,enhanced_speed,"2.947",m/s,Effort Pace,"2.947",m/s,
Data,9,record,activity_type,"1",,timestamp,"1147265255",s,position_lat,"608381491",semicircles,position_long,"69758553",semicircles,distance,"809.5",m,heart_rate,"132",bpm,altitude,"45.0",m,speed,"2.928",m/s,cadence,"91",rpm,power,"193",watts,accumulated_power,"55854",watts,step_length,"960.0",mm,enhanced_altitude,"45.0",m,enhanced_speed,"2.928",m/s,Effort Pace,"2.927",m/s,
Data,9,record,activity_type,"1",,timestamp,"1147265256",s,position_lat,"608381638",semicircles,position_long,"69758508",semicircles,distance,"811.0",m,heart_rate,"132",bpm,altitude,"45.0",m,speed,"2.908",m/s,cadence,"91",rpm,power,"191",watts,accumulated_power,"56045",watts,step_length,"960.0",mm,enhanced_altitude,"45.0",m,enhanced_speed,"2.908",m/s,Effort Pace,"2.908",m/s,
Data,9,record,activity_type,"1",,timestamp,"1147265257",s,position_lat,"608381750",semicircles,position_long,"69758433",semicircles,distance,"811.5",m,heart_rate,"132",bpm,altitude,"45.0",m,speed,"2.881",m/s,cadence,"91",rpm,power,"189",watts,accumulated_power,"56234",watts,step_length,"950.0",mm,enhanced_altitude,"45.0",m,enhanced_speed,"2.881",m/s,Effort Pace,"2.88",m/s,
Data,9,record,activity_type,"1",,timestamp,"1147265258",s,position_lat,"608381863",semicircles,position_long,"69758359",semicircles,distance,"812.0",m,heart_rate,"132",bpm,altitude,"45.0",m,speed,"2.856",m/s,cadence,"91",rpm,power,"188",watts,accumulated_power,"56422",watts,step_length,"940.0",mm,enhanced_altitude,"45.0",m,enhanced_speed,"2.856",m/s,Effort Pace,"2.855",m/s,
Data,9,record,activity_type,"1",,timestamp,"1147265259",s,position_lat,"608381966",semicircles,position_long,"69758352",semicircles,distance,"813.5",m,heart_rate,"133",bpm,speed,"2.594",m/s,cadence,"86",rpm,power,"186",watts,accumulated_power,"56608",watts,step_length,"890.0",mm,enhanced_speed,"2.594",m/s,Effort Pace,"2.594",m/s,,,,,,,
Data,9,record,activity_type,"1",,timestamp,"1147265260",s,position_lat,"608382070",semicircles,position_long,"69758345",semicircles,distance,"815.0",m,heart_rate,"133",bpm,speed,"2.336",m/s,cadence,"82",rpm,power,"185",watts,accumulated_power,"56793",watts,step_length,"850.0",mm,enhanced_speed,"2.336",m/s,Effort Pace,"2.336",m/s,,,,,,,
Data,9,record,activity_type,"1",,timestamp,"1147265261",s,position_lat,"608382262",semicircles,position_long,"69758569",semicircles,distance,"816.5",m,heart_rate,"132",bpm,speed,"1.603",m/s,cadence,"64",rpm,power,"168",watts,accumulated_power,"56961",watts,step_length,"710.0",mm,enhanced_speed,"1.603",m/s,Effort Pace,"1.602",m/s,,,,,,,
Data,9,record,activity_type,"1",,timestamp,"1147265262",s,position_lat,"608382455",semicircles,position_long,"69758793",semicircles,distance,"818.0",m,heart_rate,"131",bpm,altitude,"45.0",m,speed,"0.869",m/s,cadence,"46",rpm,power,"151",watts,accumulated_power,"57112",watts,step_length,"570.0",mm,enhanced_altitude,"45.0",m,enhanced_speed,"0.869",m/s,Effort Pace,"0.869",m/s,
Data,9,record,activity_type,"1",,timestamp,"1147265263",s,position_lat,"608382648",semicircles,position_long,"69759019",semicircles,distance,"818.42",m,,,,,,,,,,,,,,,,,,,,,,,,,,,,,,,
Data,10,event,timestamp,"1147265263",s,event,"0",,event_type,"4",,event_group,"0",,timer_trigger,"4284604655",,,,,,,,,,,,,,,,,,,,,,,,,,,,,,,,
Definition,8,field_description,developer_data_index,1,,field_definition_number,1,,fit_base_type_id,1,,field_name,12,,units,4,,,,,,,,,,,,,,,,,,,,,,,,,,,,,,,,
Data,8,field_description,developer_data_index,"0",,field_definition_number,"16",,fit_base_type_id,"136",,field_name,"Effort Pace",,units,"m/s",,,,,,,,,,,,,,,,,,,,,,,,,,,,,,,,
Definition,7,lap,message_index,1,,timestamp,1,,start_time,1,,total_timer_time,1,,total_elapsed_time,1,,total_distance,1,,total_calories,1,,sport,1,,max_heart_rate,1,,min_heart_rate,1,,avg_heart_rate,1,,avg_temperature,1,,max_speed,1,,avg_speed,1,,avg_cadence,1,,avg_step_length,1,,max_cadence,1,,total_descent,1,,total_ascent,1,,avg_power,1,,avg_stance_time,1,,avg_stance_time_percent,1,,avg_vertical_oscillation,1,,avg_vertical_ratio,1,,Effort Pace,1,,
Data,7,lap,message_index,"0",,timestamp,"1147265263",s,start_time,"1147264584",,total_timer_time,"520.94",s,total_elapsed_time,"679.09",s,total_distance,"818.42",m,total_calories,"52",kcal,sport,"1",,max_heart_rate,"141",bpm,min_heart_rate,"70",bpm,avg_heart_rate,"102",bpm,avg_temperature,"33",C,max_speed,"3.61",m/s,avg_speed,"1.571",m/s,avg_running_cadence,"56",rpm,avg_step_length,"830.0",mm,max_running_cadence,"98",rpm,total_descent,"3",m,total_ascent,"2",m,avg_power,"111",watts,avg_stance_time,"0.0",ms,avg_stance_time_percent,"0.0",percent,avg_vertical_oscillation,"0.0",mm,avg_vertical_ratio,"0.0",percent,enhanced_max_speed,"3.61",m/s,enhanced_avg_speed,"1.571",m/s,Effort Pace,"1.579",m/s,
Definition,2,session,sport,1,,start_time,1,,timestamp,1,,total_elapsed_time,1,,total_timer_time,1,,total_distance,1,,total_calories,1,,max_heart_rate,1,,min_heart_rate,1,,avg_heart_rate,1,,avg_temperature,1,,total_ascent,1,,total_descent,1,,total_cycles,1,,max_cadence,1,,avg_cadence,1,,avg_step_length,1,,max_speed,1,,avg_speed,1,,avg_power,1,,avg_stance_time,1,,avg_stance_time_balance,1,,avg_vertical_oscillation,1,,avg_vertical_ratio,1,,Effort Pace,1,,,,,,,,
Data,2,session,sport,"1",,start_time,"1147264584",,timestamp,"1147265263",s,total_elapsed_time,"679.09",s,total_timer_time,"520.94",s,total_distance,"818.42",m,total_calories,"52",kcal,max_heart_rate,"141",bpm,min_heart_rate,"70",bpm,avg_heart_rate,"102",bpm,avg_temperature,"33",C,total_ascent,"2",m,total_descent,"3",m,total_strides,"454",cycles,max_running_cadence,"98",rpm,avg_running_cadence,"56",rpm,avg_step_length,"830.0",mm,max_speed,"3.61",m/s,avg_speed,"1.571",m/s,avg_power,"111",watts,avg_stance_time,"0.0",ms,avg_stance_time_balance,"0.0",percent,avg_vertical_oscillation,"0.0",mm,avg_vertical_ratio,"0.0",percent,enhanced_max_speed,"3.61",m/s,enhanced_avg_speed,"1.571",m/s,Effort Pace,"1.579",m/s,
